,Date,Volume,Region_Brisbane,Region_Cairns,Region_Gladstone,Region_Mackay,Region_Townsville,Source_Land,Source_Ship,Source_Unknown,Area_Coastal Waters,Area_Port Limits,Pollutant_Chemical,Pollutant_Diesel,Pollutant_Grease,Pollutant_HFO,Pollutant_Lubricating,Pollutant_Oil,Pollutant_Other,Pollutant_Paint,Pollutant_Sewage,Pollutant_Sheen,Pollutant_Soot
0,2002-02-07,0.0,0,1,0,0,0,0,1,0,0,1,0,1,0,0,0,0,0,0,0,0,0
1,2002-03-07,0.0,0,1,0,0,0,0,0,1,1,0,0,0,0,0,0,0,1,0,0,0,0
2,2002-12-07,0.0,0,0,1,0,0,0,1,0,1,0,0,0,0,0,0,0,1,0,0,0,0
3,2002-07-22,0.0,1,0,0,0,0,0,0,1,1,0,0,1,0,0,0,0,0,0,0,0,0
4,2002-01-08,0.0,1,0,0,0,0,0,1,0,1,0,0,1,0,0,0,0,0,0,0,0,0
5,2002-05-08,0.0,0,0,0,1,0,0,1,0,0,1,0,1,0,0,0,0,0,0,0,0,0
6,2002-07-08,0.0,0,0,0,0,1,0,1,0,0,1,0,1,0,0,0,0,0,0,0,0,0
7,2002-12-08,0.0,1,0,0,0,0,1,0,0,1,0,0,1,0,0,0,0,0,0,0,0,0
8,2002-08-13,0.0,0,1,0,0,0,0,1,0,1,0,0,1,0,0,0,0,0,0,0,0,0
9,2002-08-15,0.0,0,0,0,0,1,0,1,0,0,1,0,1,0,0,0,0,0,0,0,0,0
10,2002-08-16,0.0,0,1,0,0,0,0,1,0,1,0,0,1,0,0,0,0,0,0,0,0,0
11,2002-08-20,0.0,0,1,0,0,0,0,1,0,0,1,0,1,0,0,0,0,0,0,0,0,0
12,2002-08-23,0.0,0,1,0,0,0,0,1,0,1,0,0,1,0,0,0,0,0,0,0,0,0
13,2002-08-25,0.0,1,0,0,0,0,1,0,0,0,1,0,0,0,0,0,0,1,0,0,0,0
14,2002-08-31,0.0,1,0,0,0,0,0,1,0,1,0,0,0,0,0,0,0,1,0,0,0,0
15,2002-02-09,0.0,0,1,0,0,0,0,1,0,1,0,0,1,0,0,0,0,0,0,0,0,0
16,2002-02-09,0.0,0,0,1,0,0,0,1,0,1,0,0,0,0,0,0,0,1,0,0,0,0
17,2002-08-09,0.0,1,0,0,0,0,1,0,0,0,1,0,0,0,1,0,0,0,0,0,0,0
18,2002-09-09,0.0,0,1,0,0,0,0,1,0,1,0,0,1,0,0,0,0,0,0,0,0,0
19,2002-09-09,0.0,0,0,1,0,0,0,1,0,0,1,0,0,0,0,0,1,0,0,0,0,0
20,2002-09-14,0.0,0,0,0,1,0,0,1,0,1,0,0,0,0,0,0,0,1,0,0,0,0
21,2002-09-19,0.0,0,0,0,1,0,0,1,0,1,0,0,0,0,0,0,0,1,0,0,0,0
22,2002-09-28,0.0,0,0,1,0,0,0,1,0,1,0,0,0,0,0,0,0,1,0,0,0,0
23,2002-09-29,0.0,1,0,0,0,0,0,0,1,1,0,0,0,0,0,0,0,1,0,0,0,0
24,2002-01-10,0.0,1,0,0,0,0,0,0,1,0,1,0,1,0,0,0,0,0,0,0,0,0
25,2002-02-10,0.0,0,0,1,0,0,0,1,0,1,0,0,0,0,0,0,0,1,0,0,0,0
26,2002-02-10,0.0,0,0,0,0,1,0,1,0,1,0,0,0,0,0,0,0,1,0,0,0,0
27,2002-07-10,0.0,1,0,0,0,0,1,0,0,0,1,0,1,0,0,0,0,0,0,0,0,0
28,2002-08-10,0.0,0,0,0,1,0,0,1,0,1,0,0,0,0,0,0,0,1,0,0,0,0
29,2002-09-10,0.0,0,1,0,0,0,0,1,0,1,0,0,1,0,0,0,0,0,0,0,0,0
30,2002-10-19,0.0,1,0,0,0,0,0,1,0,0,1,0,0,0,1,0,0,0,0,0,0,0
31,2002-10-19,0.0,1,0,0,0,0,0,0,1,1,0,0,1,0,0,0,0,0,0,0,0,0
32,2002-10-23,0.0,1,0,0,0,0,0,1,0,1,0,0,1,0,0,0,0,0,0,0,0,0
33,2002-10-27,0.0,1,0,0,0,0,0,0,1,0,1,0,1,0,0,0,0,0,0,0,0,0
34,2002-10-31,0.0,1,0,0,0,0,0,1,0,1,0,0,0,0,0,0,0,1,0,0,0,0
35,2002-08-11,0.0,0,0,0,1,0,0,1,0,1,0,0,1,0,0,0,0,0,0,0,0,0
36,2002-11-11,0.0,0,0,1,0,0,0,1,0,1,0,0,0,0,0,0,0,1,0,0,0,0
37,2002-11-13,0.0,1,0,0,0,0,0,1,0,1,0,0,1,0,0,0,0,0,0,0,0,0
38,2002-11-14,0.0,0,1,0,0,0,0,1,0,1,0,0,1,0,0,0,0,0,0,0,0,0
39,2002-11-18,0.0,0,0,0,1,0,0,1,0,1,0,0,0,0,0,0,0,1,0,0,0,0
40,2002-02-12,0.0,0,1,0,0,0,0,1,0,1,0,0,1,0,0,0,0,0,0,0,0,0
41,2002-10-12,0.0,1,0,0,0,0,1,0,0,0,1,0,0,0,1,0,0,0,0,0,0,0
42,2002-10-12,0.0,0,1,0,0,0,0,1,0,1,0,0,1,0,0,0,0,0,0,0,0,0
43,2002-12-18,0.0,1,0,0,0,0,0,0,1,1,0,0,0,0,0,0,0,0,1,0,0,0
44,2002-12-21,0.0,1,0,0,0,0,0,1,0,1,0,0,1,0,0,0,0,0,0,0,0,0
45,2003-01-17,0.0,0,1,0,0,0,0,1,0,1,0,0,1,0,0,0,0,0,0,0,0,0
46,2003-01-02,0.0,0,0,1,0,0,0,1,0,0,1,0,1,0,0,0,0,0,0,0,0,0
47,2003-02-02,0.0,0,0,1,0,0,0,1,0,0,1,0,1,0,0,0,0,0,0,0,0,0
48,2003-05-02,0.0,0,1,0,0,0,0,1,0,1,0,0,1,0,0,0,0,0,0,0,0,0
49,2003-06-02,0.0,0,0,0,1,0,0,1,0,1,0,0,0,0,0,0,0,1,0,0,0,0
50,2003-11-02,0.0,0,0,0,1,0,0,1,0,1,0,0,0,0,0,0,0,1,0,0,0,0
51,2003-12-02,0.0,0,1,0,0,0,1,0,0,1,0,0,0,0,0,0,0,1,0,0,0,0
52,2003-12-02,0.0,0,0,0,1,0,0,1,0,1,0,0,0,0,0,0,0,1,0,0,0,0
53,2003-02-19,0.0,1,0,0,0,0,0,1,0,0,1,0,0,0,1,0,0,0,0,0,0,0
54,2003-02-20,0.0,1,0,0,0,0,0,0,1,0,1,0,1,0,0,0,0,0,0,0,0,0
55,2003-02-22,0.0,1,0,0,0,0,0,1,0,0,1,0,1,0,0,0,0,0,0,0,0,0
56,2003-02-24,0.0,0,0,0,1,0,0,1,0,1,0,0,1,0,0,0,0,0,0,0,0,0
57,2003-02-26,0.0,0,1,0,0,0,0,1,0,0,1,0,1,0,0,0,0,0,0,0,0,0
58,2003-02-27,0.0,1,0,0,0,0,0,1,0,0,1,0,1,0,0,0,0,0,0,0,0,0
59,2003-04-03,0.0,0,1,0,0,0,0,0,1,0,1,0,1,0,0,0,0,0,0,0,0,0
60,2003-12-03,0.0,1,0,0,0,0,1,0,0,0,1,0,0,0,0,0,0,1,0,0,0,0
61,2003-12-03,0.0,1,0,0,0,0,0,1,0,0,1,0,0,0,1,0,0,0,0,0,0,0
62,2003-12-03,0.0,0,0,0,1,0,0,1,0,1,0,0,1,0,0,0,0,0,0,0,0,0
63,2003-03-14,0.0,1,0,0,0,0,0,0,1,1,0,0,1,0,0,0,0,0,0,0,0,0
64,2003-03-17,0.0,1,0,0,0,0,1,0,0,0,1,0,0,0,0,0,0,1,0,0,0,0
65,2003-03-18,0.0,1,0,0,0,0,1,0,0,0,1,0,0,0,1,0,0,0,0,0,0,0
66,2003-03-24,0.0,1,0,0,0,0,0,0,1,0,1,0,1,0,0,0,0,0,0,0,0,0
67,2003-03-27,0.0,1,0,0,0,0,1,0,0,0,1,0,0,0,0,0,0,1,0,0,0,0
68,2003-04-17,0.0,0,0,0,1,0,0,1,0,1,0,0,1,0,0,0,0,0,0,0,0,0
69,2003-04-27,0.0,0,1,0,0,0,0,1,0,1,0,0,1,0,0,0,0,0,0,0,0,0
70,2003-04-28,0.0,1,0,0,0,0,1,0,0,0,1,0,0,0,0,0,0,1,0,0,0,0
71,2003-04-29,0.0,0,0,1,0,0,0,1,0,1,0,0,1,0,0,0,0,0,0,0,0,0
72,2003-06-05,0.0,1,0,0,0,0,0,1,0,1,0,0,1,0,0,0,0,0,0,0,0,0
73,2003-10-05,0.0,0,0,0,1,0,0,0,1,1,0,0,1,0,0,0,0,0,0,0,0,0
74,2003-11-05,0.0,0,0,0,1,0,0,1,0,1,0,0,1,0,0,0,0,0,0,0,0,0
75,2003-05-14,0.0,0,1,0,0,0,0,1,0,1,0,0,1,0,0,0,0,0,0,0,0,0
76,2003-05-26,0.0,0,1,0,0,0,0,1,0,1,0,0,1,0,0,0,0,0,0,0,0,0
77,2003-05-27,0.0,0,1,0,0,0,0,1,0,1,0,0,1,0,0,0,0,0,0,0,0,0
78,2003-05-28,0.0,1,0,0,0,0,1,0,0,1,0,0,1,0,0,0,0,0,0,0,0,0
79,2003-05-28,0.0,1,0,0,0,0,1,0,0,0,1,0,1,0,0,0,0,0,0,0,0,0
80,2003-05-29,0.0,0,1,0,0,0,0,1,0,1,0,0,1,0,0,0,0,0,0,0,0,0
81,2003-05-30,0.0,0,1,0,0,0,0,1,0,0,1,0,0,0,0,0,0,1,0,0,0,0
82,2003-05-31,0.0,1,0,0,0,0,0,1,0,0,1,0,0,0,1,0,0,0,0,0,0,0
83,2003-05-31,0.0,1,0,0,0,0,0,1,0,0,1,0,1,0,0,0,0,0,0,0,0,0
84,2003-06-25,0.0,1,0,0,0,0,0,0,1,1,0,0,1,0,0,0,0,0,0,0,0,0
85,2003-04-07,0.0,1,0,0,0,0,0,0,1,0,1,0,0,0,0,0,0,0,0,0,1,0
86,2003-11-07,0.0,0,0,0,1,0,0,1,0,0,1,0,1,0,0,0,0,0,0,0,0,0
87,2003-07-26,0.0,1,0,0,0,0,0,0,1,1,0,0,0,0,0,0,0,0,0,0,1,0
88,2003-04-08,0.0,0,0,1,0,0,0,1,0,1,0,0,1,0,0,0,0,0,0,0,0,0
89,2003-09-08,0.0,1,0,0,0,0,0,0,1,0,1,0,0,0,0,0,0,0,0,0,1,0
90,2003-08-23,0.0,1,0,0,0,0,0,1,0,0,1,0,0,0,0,0,0,0,0,0,1,0
91,2003-10-09,0.0,1,0,0,0,0,0,1,0,0,1,0,0,0,0,0,0,1,0,0,0,0
92,2003-10-09,0.0,0,0,1,0,0,0,1,0,0,1,0,0,0,0,0,0,1,0,0,0,0
93,2003-11-09,0.0,0,1,0,0,0,0,1,0,0,1,0,1,0,0,0,0,0,0,0,0,0
94,2003-12-09,0.0,0,1,0,0,0,0,1,0,0,1,0,0,0,0,0,0,1,0,0,0,0
95,2003-12-09,0.0,0,1,0,0,0,0,1,0,0,1,0,0,0,0,0,0,0,0,0,1,0
96,2003-09-23,0.0,1,0,0,0,0,0,0,1,0,1,0,0,0,0,0,0,0,0,0,1,0
97,2003-04-10,0.0,0,0,0,1,0,0,1,0,1,0,0,0,0,0,0,0,0,0,0,1,0
98,2003-06-10,0.0,0,1,0,0,0,0,1,0,0,1,0,1,0,0,0,0,0,0,0,0,0
99,2003-07-10,0.0,1,0,0,0,0,0,1,0,0,1,0,0,0,0,0,0,0,0,0,1,0
100,2003-10-10,0.0,1,0,0,0,0,0,1,0,0,1,0,0,0,0,0,0,0,0,0,1,0
101,2003-10-13,0.0,0,1,0,0,0,0,1,0,1,0,0,1,0,0,0,0,0,0,0,0,0
102,2003-10-16,0.0,0,1,0,0,0,0,1,0,1,0,0,0,0,0,0,0,1,0,0,0,0
103,2003-10-17,0.0,0,1,0,0,0,0,1,0,1,0,0,0,0,0,0,1,0,0,0,0,0
104,2003-10-24,0.0,1,0,0,0,0,0,1,0,0,1,0,1,0,0,0,0,0,0,0,0,0
105,2003-10-28,0.0,1,0,0,0,0,0,1,0,0,1,0,0,0,0,0,0,1,0,0,0,0
106,2003-10-29,0.0,0,0,0,1,0,0,1,0,1,0,0,0,0,0,0,0,0,0,0,1,0
107,2003-10-30,0.0,0,1,0,0,0,0,1,0,0,1,0,0,0,0,0,0,1,0,0,0,0
108,2003-08-11,0.0,1,0,0,0,0,0,1,0,0,1,0,0,0,0,0,0,1,0,0,0,0
109,2003-11-14,0.0,0,1,0,0,0,0,1,0,1,0,0,1,0,0,0,0,0,0,0,0,0
110,2003-11-16,0.0,0,1,0,0,0,0,1,0,1,0,0,0,0,0,0,0,1,0,0,0,0
111,2003-11-18,0.0,1,0,0,0,0,0,1,0,0,1,0,0,0,0,0,0,1,0,0,0,0
112,2003-11-20,0.0,0,0,0,0,1,1,0,0,0,1,0,0,0,0,0,1,0,0,0,0,0
113,2003-11-23,0.0,1,0,0,0,0,0,0,1,1,0,0,0,0,0,0,0,0,0,0,1,0
114,2003-04-12,0.0,0,0,0,1,0,0,1,0,0,1,0,1,0,0,0,0,0,0,0,0,0
115,2003-05-12,0.0,1,0,0,0,0,1,0,0,1,0,0,0,0,0,0,0,0,0,0,1,0
116,2003-07-12,0.0,1,0,0,0,0,0,1,0,0,1,0,0,0,0,0,0,1,0,0,0,0
117,2003-07-12,0.0,0,0,1,0,0,0,1,0,1,0,0,1,0,0,0,0,0,0,0,0,0
118,2003-09-12,0.0,0,1,0,0,0,0,0,1,0,1,0,0,0,0,0,0,0,0,0,1,0
119,2003-11-12,0.0,0,1,0,0,0,0,0,1,0,1,0,0,0,0,0,0,0,0,0,1,0
120,2003-12-12,0.0,0,1,0,0,0,0,0,1,0,1,0,0,0,0,0,0,0,0,0,1,0
121,2003-12-17,0.0,1,0,0,0,0,0,1,0,0,1,0,0,0,0,0,0,1,0,0,0,0
122,2003-12-17,0.0,0,1,0,0,0,0,1,0,0,1,0,1,0,0,0,0,0,0,0,0,0
123,2003-12-17,0.0,0,1,0,0,0,1,0,0,0,1,0,0,0,0,0,0,0,0,0,1,0
124,2003-12-18,0.0,0,1,0,0,0,1,0,0,0,1,0,1,0,0,0,0,0,0,0,0,0
125,2003-12-22,0.0,0,0,0,1,0,0,1,0,1,0,0,0,0,0,0,0,1,0,0,0,0
126,2003-12-26,0.0,1,0,0,0,0,0,1,0,0,1,0,0,0,0,0,0,1,0,0,0,0
127,2003-12-26,0.0,1,0,0,0,0,0,1,0,1,0,0,1,0,0,0,0,0,0,0,0,0
128,2003-12-27,0.0,0,1,0,0,0,0,1,0,1,0,0,1,0,0,0,0,0,0,0,0,0
129,2004-09-01,0.0,0,1,0,0,0,0,1,0,0,1,0,0,0,0,0,0,0,0,0,1,0
130,2004-11-01,0.0,1,0,0,0,0,0,0,1,1,0,0,0,0,0,0,0,0,0,0,1,0
131,2004-12-01,0.0,0,0,0,1,0,0,1,0,1,0,0,0,0,0,0,0,1,0,0,0,0
132,2004-12-01,0.0,0,0,0,0,1,0,1,0,1,0,0,0,0,0,0,0,1,0,0,0,0
133,2004-01-13,0.0,0,0,0,1,0,0,1,0,1,0,0,0,0,0,0,0,1,0,0,0,0
134,2004-01-15,0.0,0,0,0,1,0,0,1,0,1,0,0,0,0,0,0,0,1,0,0,0,0
135,2004-01-16,0.0,1,0,0,0,0,0,0,1,0,1,0,0,0,0,0,0,0,0,0,1,0
136,2004-01-21,0.0,0,1,0,0,0,0,1,0,0,1,0,1,0,0,0,0,0,0,0,0,0
137,2004-04-02,0.0,1,0,0,0,0,0,0,1,1,0,0,1,0,0,0,0,0,0,0,0,0
138,2004-08-02,0.0,1,0,0,0,0,0,1,0,0,1,0,0,0,0,0,0,1,0,0,0,0
139,2004-12-02,0.0,0,1,0,0,0,0,1,0,1,0,0,0,0,0,0,0,1,0,0,0,0
140,2004-02-13,0.0,0,0,0,1,0,0,0,1,0,1,0,0,0,0,0,0,1,0,0,0,0
141,2004-02-14,0.0,1,0,0,0,0,0,1,0,0,1,0,1,0,0,0,0,0,0,0,0,0
142,2004-02-25,0.0,1,0,0,0,0,0,1,0,0,1,0,0,0,0,0,0,0,0,0,1,0
143,2004-02-27,0.0,0,1,0,0,0,0,0,1,0,1,0,0,0,0,0,0,0,0,0,1,0
144,2004-02-04,0.0,1,0,0,0,0,0,0,1,0,1,0,0,0,0,0,0,1,0,0,0,0
145,2004-03-04,0.0,1,0,0,0,0,0,1,0,1,0,0,1,0,0,0,0,0,0,0,0,0
146,2004-05-04,0.0,1,0,0,0,0,0,1,0,0,1,0,0,0,0,0,0,0,0,0,1,0
147,2004-11-04,0.0,0,1,0,0,0,0,1,0,0,1,0,1,0,0,0,0,0,0,0,0,0
148,2004-12-04,0.0,1,0,0,0,0,0,1,0,1,0,0,0,0,0,0,0,0,1,0,0,0
149,2004-04-15,0.0,1,0,0,0,0,0,0,1,1,0,1,0,0,0,0,0,0,0,0,0,0
150,2004-04-18,0.0,0,1,0,0,0,0,1,0,0,1,0,0,0,0,0,0,0,0,0,1,0
151,2004-05-05,0.0,0,1,0,0,0,1,0,0,0,1,0,1,0,0,0,0,0,0,0,0,0
152,2004-05-16,0.0,0,0,0,1,0,0,1,0,1,0,0,1,0,0,0,0,0,0,0,0,0
153,2004-05-19,0.0,1,0,0,0,0,0,1,0,0,1,0,0,0,0,0,0,0,0,0,1,0
154,2004-05-19,0.0,0,1,0,0,0,0,1,0,0,1,0,1,0,0,0,0,0,0,0,0,0
155,2004-05-21,0.0,1,0,0,0,0,0,1,0,0,1,0,1,0,0,0,0,0,0,0,0,0
156,2004-05-22,0.0,1,0,0,0,0,0,1,0,0,1,0,0,0,0,0,0,0,0,0,1,0
157,2004-05-22,0.0,0,1,0,0,0,1,0,0,0,1,0,0,0,0,0,0,0,0,0,1,0
158,2004-05-24,0.0,1,0,0,0,0,0,1,0,0,1,0,1,0,0,0,0,0,0,0,0,0
159,2004-05-24,0.0,0,0,1,0,0,0,1,0,0,1,0,0,0,0,0,0,1,0,0,0,0
160,2004-05-25,0.0,1,0,0,0,0,0,1,0,1,0,0,0,0,0,0,0,1,0,0,0,0
161,2004-05-27,0.0,0,1,0,0,0,0,1,0,0,1,0,0,0,0,0,0,1,0,0,0,0
162,2004-04-06,0.0,0,1,0,0,0,0,0,1,0,1,0,1,0,0,0,0,0,0,0,0,0
163,2004-07-06,0.0,0,1,0,0,0,0,0,1,0,1,0,1,0,0,0,0,0,0,0,0,0
164,2004-10-06,0.0,1,0,0,0,0,0,0,1,0,1,0,0,0,0,0,0,0,0,0,1,0
165,2004-10-06,0.0,0,1,0,0,0,0,1,0,0,1,0,0,0,0,0,0,1,0,0,0,0
166,2004-06-14,0.0,1,0,0,0,0,1,0,0,0,1,0,0,0,0,0,1,0,0,0,0,0
167,2004-02-07,0.0,1,0,0,0,0,0,1,0,1,0,0,0,0,0,0,0,0,0,0,1,0
168,2004-07-27,20.0,0,1,0,0,0,0,1,0,0,1,0,0,0,0,0,0,1,0,0,0,0
169,2004-07-29,50.0,0,1,0,0,0,0,0,1,0,1,0,0,0,0,0,0,0,0,0,1,0
170,2004-07-29,0.0,0,0,0,1,0,0,0,1,1,0,0,0,0,0,0,0,1,0,0,0,0
171,2004-07-30,0.0,1,0,0,0,0,0,0,1,1,0,0,0,0,0,0,0,1,0,0,0,0
172,2004-07-30,5.0,0,1,0,0,0,0,1,0,0,1,0,0,0,0,0,0,1,0,0,0,0
173,2004-08-08,0.0,0,1,0,0,0,0,1,0,1,0,0,0,0,0,0,0,0,0,0,1,0
174,2004-09-08,15.0,0,1,0,0,0,0,1,0,0,1,0,1,0,0,0,0,0,0,0,0,0
175,2004-08-16,6.0,0,1,0,0,0,1,0,0,0,1,0,0,0,0,0,0,0,0,0,1,0
176,2004-08-16,0.0,0,0,0,1,0,0,1,0,1,0,0,0,0,0,0,0,1,0,0,0,0
177,2004-08-17,0.0,0,0,1,0,0,0,0,1,1,0,0,0,0,0,0,0,1,0,0,0,0
178,2004-08-24,0.0,0,1,0,0,0,0,1,0,0,1,0,0,0,0,0,0,0,0,0,1,0
179,2004-08-24,2.0,0,1,0,0,0,0,1,0,0,1,0,1,0,0,0,0,0,0,0,0,0
180,2004-02-09,0.0,1,0,0,0,0,1,0,0,1,0,0,0,0,0,0,0,1,0,0,0,0
181,2004-07-09,40.0,1,0,0,0,0,0,1,0,0,1,0,0,0,0,0,0,1,0,0,0,0
182,2004-09-09,5.0,0,1,0,0,0,0,0,1,0,1,0,0,0,0,0,0,0,0,0,1,0
183,2004-09-18,5.0,1,0,0,0,0,0,1,0,0,1,0,1,0,0,0,0,0,0,0,0,0
184,2004-09-28,0.0,1,0,0,0,0,0,0,1,1,0,0,1,0,0,0,0,0,0,0,0,0
185,2004-09-28,60.0,0,1,0,0,0,0,1,0,0,1,0,0,0,0,0,0,1,0,0,0,0
186,2004-09-29,0.0,0,0,0,0,1,0,1,0,1,0,0,0,0,1,0,0,0,0,0,0,0
187,2004-03-10,0.0,0,0,0,1,0,0,1,0,1,0,0,0,0,0,0,0,0,0,0,1,0
188,2004-04-10,0.0,1,0,0,0,0,0,1,0,0,1,0,0,0,0,0,0,1,0,0,0,0
189,2004-06-10,40.0,0,1,0,0,0,0,1,0,0,1,0,0,0,0,0,0,1,0,0,0,0
190,2004-07-10,0.0,1,0,0,0,0,0,0,1,0,1,0,0,0,0,0,0,1,0,0,0,0
191,2004-10-10,0.0,1,0,0,0,0,1,0,0,1,0,0,1,0,0,0,0,0,0,0,0,0
192,2004-12-10,100.0,1,0,0,0,0,1,0,0,0,1,0,1,0,0,0,0,0,0,0,0,0
193,2004-10-18,0.0,1,0,0,0,0,1,0,0,1,0,0,0,0,0,0,0,1,0,0,0,0
194,2004-10-18,0.0,1,0,0,0,0,0,0,1,0,1,0,1,0,0,0,0,0,0,0,0,0
196,2004-10-21,0.0,0,0,0,1,0,0,1,0,1,0,0,1,0,0,0,0,0,0,0,0,0
197,2004-10-22,500.0,1,0,0,0,0,0,1,0,0,1,0,0,0,0,0,0,1,0,0,0,0
198,2004-10-24,0.0,0,0,0,1,0,0,1,0,0,1,0,1,0,0,0,0,0,0,0,0,0
199,2004-10-27,0.0,1,0,0,0,0,0,0,1,1,0,0,0,0,0,0,0,1,0,0,0,0
200,2004-10-31,0.0,1,0,0,0,0,0,1,0,0,1,0,0,0,0,0,0,1,0,0,0,0
201,2004-10-31,0.0,1,0,0,0,0,0,0,1,0,1,0,0,0,0,0,0,1,0,0,0,0
202,2004-01-11,0.0,0,0,0,0,1,0,1,0,0,1,0,1,0,0,0,0,0,0,0,0,0
203,2004-05-11,0.0,1,0,0,0,0,0,1,0,1,0,0,1,0,0,0,0,0,0,0,0,0
204,2004-06-11,0.0,1,0,0,0,0,0,0,1,0,1,0,0,0,0,0,0,1,0,0,0,0
205,2004-11-15,0.0,1,0,0,0,0,0,0,1,1,0,0,0,0,0,0,0,0,0,0,1,0
206,2004-11-17,0.0,1,0,0,0,0,0,0,1,0,1,0,1,0,0,0,0,0,0,0,0,0
207,2004-11-19,0.0,0,0,1,0,0,0,1,0,0,1,0,1,0,0,0,0,0,0,0,0,0
208,2004-11-20,0.0,1,0,0,0,0,0,1,0,1,0,0,1,0,0,0,0,0,0,0,0,0
209,2004-11-21,0.0,0,0,0,1,0,0,1,0,0,1,0,0,0,0,0,0,1,0,0,0,0
210,2004-11-23,0.0,1,0,0,0,0,0,0,1,1,0,0,0,0,0,0,0,0,0,0,1,0
211,2004-06-12,0.0,1,0,0,0,0,0,1,0,1,0,0,0,0,0,0,0,1,0,0,0,0
212,2004-09-12,0.0,0,0,0,1,0,0,1,0,1,0,0,0,0,0,0,0,0,0,0,1,0
213,2004-12-25,0.0,1,0,0,0,0,0,0,1,0,1,0,0,0,0,0,0,0,0,0,1,0
214,2004-12-26,0.0,0,0,0,0,1,0,1,0,1,0,0,0,0,1,0,0,0,0,0,0,0
215,2004-12-29,300.0,0,1,0,0,0,0,1,0,0,1,0,0,0,0,0,0,0,0,0,1,0
216,2005-01-31,50.0,1,0,0,0,0,0,0,1,1,0,0,1,0,0,0,0,0,0,0,0,0
217,2005-01-02,0.0,1,0,0,0,0,1,0,0,1,0,0,0,0,0,0,0,1,0,0,0,0
218,2005-01-02,0.0,0,0,0,0,1,0,0,1,0,1,0,0,0,0,0,0,0,0,0,1,0
219,2005-03-02,0.0,1,0,0,0,0,0,1,0,1,0,0,0,0,0,0,0,0,0,0,1,0
220,2005-09-02,0.0,1,0,0,0,0,0,0,1,1,0,0,0,0,0,0,0,0,0,0,1,0
221,2005-02-19,0.0,1,0,0,0,0,0,0,1,0,1,0,0,0,0,0,0,0,0,0,1,0
222,2005-02-24,0.0,1,0,0,0,0,1,0,0,0,1,0,0,0,0,0,0,0,0,0,1,0
223,2005-02-24,0.0,1,0,0,0,0,0,0,1,1,0,0,1,0,0,0,0,0,0,0,0,0
224,2005-02-24,300.0,0,1,0,0,0,0,1,0,0,1,0,1,0,0,0,0,0,0,0,0,0
225,2005-02-25,0.0,0,1,0,0,0,0,1,0,1,0,0,0,0,0,0,0,1,0,0,0,0
226,2005-07-03,0.0,0,1,0,0,0,1,0,0,1,0,0,1,0,0,0,0,0,0,0,0,0
228,2005-03-30,0.0,1,0,0,0,0,0,0,1,1,0,0,0,0,0,0,0,0,0,0,1,0
229,2005-03-30,10.0,0,1,0,0,0,0,1,0,0,1,0,1,0,0,0,0,0,0,0,0,0
230,2005-01-04,5.0,0,1,0,0,0,0,0,1,0,1,0,1,0,0,0,0,0,0,0,0,0
231,2005-11-04,40.0,1,0,0,0,0,1,0,0,0,1,0,0,0,0,0,0,1,0,0,0,0
232,2005-04-14,0.0,1,0,0,0,0,0,0,1,0,1,0,0,0,0,0,0,0,0,0,1,0
233,2005-04-16,0.0,1,0,0,0,0,0,0,1,0,1,0,0,0,0,0,0,0,0,0,1,0
234,2005-04-19,100.0,0,1,0,0,0,0,1,0,0,1,0,1,0,0,0,0,0,0,0,0,0
235,2005-04-22,0.0,1,0,0,0,0,0,0,1,1,0,0,0,0,0,0,0,0,0,0,1,0
236,2005-04-05,2000.0,0,0,0,1,0,0,1,0,1,0,0,1,0,0,0,0,0,0,0,0,0
237,2005-05-05,0.0,0,1,0,0,0,0,1,0,0,1,0,0,0,0,0,0,0,0,0,1,0
238,2005-11-05,0.0,1,0,0,0,0,0,0,1,0,1,0,1,0,0,0,0,0,0,0,0,0
239,2005-05-20,0.0,0,1,0,0,0,0,1,0,0,1,0,0,0,0,0,0,1,0,0,0,0
240,2005-05-20,0.0,0,1,0,0,0,0,0,1,1,0,0,0,0,0,0,0,0,0,0,1,0
241,2005-02-06,0.0,1,0,0,0,0,0,0,1,0,1,0,0,0,0,0,0,0,0,0,1,0
242,2005-06-15,0.0,1,0,0,0,0,0,0,1,1,0,0,0,0,0,0,0,0,0,0,1,0
243,2005-06-20,0.0,1,0,0,0,0,0,0,1,0,1,0,0,0,0,0,0,0,0,0,1,0
244,2005-06-29,0.0,1,0,0,0,0,1,0,0,0,1,0,1,0,0,0,0,0,0,0,0,0
245,2005-07-17,180.0,0,1,0,0,0,0,1,0,0,1,0,1,0,0,0,0,0,0,0,0,0
246,2005-10-08,0.0,0,1,0,0,0,0,0,1,0,1,0,0,0,0,0,0,1,0,0,0,0
247,2005-08-16,0.0,1,0,0,0,0,0,1,0,1,0,0,0,0,0,0,1,0,0,0,0,0
248,2005-08-24,0.0,0,0,1,0,0,0,1,0,0,1,0,1,0,0,0,0,0,0,0,0,0
249,2005-08-25,0.0,0,1,0,0,0,0,1,0,0,1,0,0,0,0,0,0,1,0,0,0,0
250,2005-08-31,0.0,0,1,0,0,0,0,1,0,0,1,0,1,0,0,0,0,0,0,0,0,0
251,2005-09-21,0.0,0,1,0,0,0,0,0,1,1,0,0,1,0,0,0,0,0,0,0,0,0
252,2005-09-22,5.0,0,0,0,1,0,0,0,1,0,1,0,1,0,0,0,0,0,0,0,0,0
253,2005-06-10,0.0,0,1,0,0,0,0,1,0,1,0,0,1,0,0,0,0,0,0,0,0,0
254,2005-06-10,5.0,0,1,0,0,0,0,1,0,0,1,0,0,0,0,0,0,1,0,0,0,0
255,2005-07-10,0.0,0,1,0,0,0,0,1,0,1,0,0,0,0,0,0,0,1,0,0,0,0
256,2005-10-10,0.0,0,1,0,0,0,0,1,0,0,1,0,1,0,0,0,0,0,0,0,0,0
257,2005-10-10,0.0,0,0,0,0,1,0,1,0,0,1,0,0,0,1,0,0,0,0,0,0,0
258,2005-11-10,0.0,0,1,0,0,0,0,0,1,0,1,0,1,0,0,0,0,0,0,0,0,0
259,2005-10-15,0.0,1,0,0,0,0,0,0,1,0,1,0,1,0,0,0,0,0,0,0,0,0
260,2005-10-20,20.0,0,1,0,0,0,0,0,1,0,1,0,0,0,0,0,0,1,0,0,0,0
261,2005-10-23,0.0,0,0,1,0,0,0,1,0,1,0,0,1,0,0,0,0,0,0,0,0,0
262,2005-10-28,0.0,0,1,0,0,0,0,1,0,0,1,0,0,0,0,0,0,1,0,0,0,0
263,2005-10-28,0.0,0,1,0,0,0,0,1,0,1,0,0,0,0,0,0,0,1,0,0,0,0
264,2005-07-11,0.0,0,1,0,0,0,0,1,0,1,0,0,0,0,0,0,0,1,0,0,0,0
265,2005-08-11,0.0,0,1,0,0,0,0,0,1,0,1,0,0,0,0,0,0,0,0,0,1,0
266,2005-11-14,10.0,0,1,0,0,0,0,0,1,0,1,0,1,0,0,0,0,0,0,0,0,0
267,2005-04-12,0.0,0,1,0,0,0,0,0,1,1,0,0,1,0,0,0,0,0,0,0,0,0
268,2005-07-12,0.0,0,1,0,0,0,0,0,1,0,1,0,0,0,0,0,0,0,0,0,1,0
269,2005-12-31,0.0,0,1,0,0,0,0,1,0,1,0,0,0,0,0,0,0,1,0,0,0,0
270,2006-01-16,1000.0,0,0,1,0,0,0,1,0,0,1,0,0,0,1,0,0,0,0,0,0,0
271,2006-01-20,3000.0,0,0,1,0,0,0,1,0,1,0,0,1,0,0,0,0,0,0,0,0,0
272,2006-06-03,0.0,0,1,0,0,0,0,1,0,1,0,0,1,0,0,0,0,0,0,0,0,0
273,2006-03-31,20.0,0,1,0,0,0,0,0,1,0,1,0,0,0,0,0,0,1,0,0,0,0
274,2006-04-13,20.0,0,1,0,0,0,0,1,0,0,1,0,0,0,0,0,0,1,0,0,0,0
275,2006-04-23,200.0,0,0,0,0,1,1,0,0,0,1,0,1,0,0,0,0,0,0,0,0,0
276,2006-04-26,0.0,0,0,0,1,0,0,1,0,1,0,0,0,0,0,0,0,0,0,0,1,0
277,2006-02-05,30.0,0,0,0,1,0,0,1,0,0,1,0,0,0,0,0,1,0,0,0,0,0
278,2006-05-30,5.0,0,1,0,0,0,0,1,0,1,0,0,1,0,0,0,0,0,0,0,0,0
279,2006-05-06,50.0,0,0,0,0,1,0,1,0,0,1,0,1,0,0,0,0,0,0,0,0,0
280,2006-06-20,0.0,0,0,0,0,1,1,0,0,0,1,0,1,0,0,0,0,0,0,0,0,0
281,2006-06-27,75.0,1,0,0,0,0,0,1,0,1,0,0,0,0,0,0,1,0,0,0,0,0
282,2006-09-07,1.0,0,0,0,1,0,0,0,1,0,1,0,0,0,0,0,0,0,0,0,1,0
283,2006-08-08,0.0,0,1,0,0,0,0,0,1,1,0,0,1,0,0,0,0,0,0,0,0,0
284,2006-12-08,0.0,0,1,0,0,0,0,1,0,1,0,0,0,0,0,0,0,1,0,0,0,0
285,2006-12-08,0.0,0,0,1,0,0,0,1,0,1,0,0,1,0,0,0,0,0,0,0,0,0
286,2006-08-17,25.0,0,0,1,0,0,0,1,0,0,1,0,0,0,0,1,0,0,0,0,0,0
287,2006-08-25,0.0,0,1,0,0,0,0,1,0,1,0,0,0,0,0,0,0,1,0,0,0,0
288,2006-08-25,0.0,0,1,0,0,0,0,1,0,1,0,0,0,0,0,0,0,0,0,0,1,0
289,2006-04-09,0.0,0,0,1,0,0,0,1,0,0,1,0,1,0,0,0,0,0,0,0,0,0
290,2006-09-09,0.0,0,0,0,0,1,0,1,0,0,1,0,1,0,0,0,0,0,0,0,0,0
291,2006-09-30,0.0,1,0,0,0,0,0,1,0,1,0,0,1,0,0,0,0,0,0,0,0,0
292,2006-11-10,0.0,0,0,0,0,1,1,0,0,0,1,0,0,0,1,0,0,0,0,0,0,0
293,2006-10-13,0.0,1,0,0,0,0,0,0,1,1,0,0,0,0,0,0,0,0,0,0,1,0
294,2006-10-23,0.0,0,1,0,0,0,0,1,0,1,0,0,0,0,0,0,0,1,0,0,0,0
295,2006-08-11,0.0,0,0,1,0,0,0,1,0,0,1,0,0,0,0,0,0,1,0,0,0,0
296,2006-11-14,0.0,0,0,0,0,1,1,0,0,0,1,0,0,0,1,0,0,0,0,0,0,0
297,2006-11-16,0.0,0,1,0,0,0,0,0,1,0,1,0,1,0,0,0,0,0,0,0,0,0
298,2006-02-12,0.0,0,1,0,0,0,0,1,0,0,1,0,0,0,0,1,0,0,0,0,0,0
299,2006-08-12,0.0,0,1,0,0,0,0,1,0,1,0,0,1,0,0,0,0,0,0,0,0,0
300,2006-12-12,0.0,0,1,0,0,0,0,1,0,1,0,0,0,0,0,0,0,1,0,0,0,0
301,2006-12-15,0.0,0,0,1,0,0,0,1,0,1,0,0,1,0,0,0,0,0,0,0,0,0
302,2006-12-17,0.0,1,0,0,0,0,0,0,1,1,0,0,1,0,0,0,0,0,0,0,0,0
303,2006-12-20,0.0,1,0,0,0,0,0,1,0,1,0,0,0,0,0,0,0,0,0,0,1,0
304,2006-12-27,0.0,1,0,0,0,0,0,0,1,1,0,0,1,0,0,0,0,0,0,0,0,0
305,2007-01-01,0.0,0,1,0,0,0,0,1,0,0,1,0,0,0,0,0,0,1,0,0,0,0
306,2007-10-01,0.0,1,0,0,0,0,0,0,1,1,0,0,0,0,0,0,0,0,0,0,1,0
307,2007-01-14,0.0,0,0,1,0,0,0,1,0,0,1,0,0,0,0,0,0,1,0,0,0,0
308,2007-01-15,0.0,0,0,1,0,0,0,0,1,0,1,0,0,0,0,0,0,0,0,0,1,0
309,2007-01-22,0.0,1,0,0,0,0,0,1,0,1,0,0,0,0,0,0,0,0,0,0,1,0
310,2007-01-30,0.0,1,0,0,0,0,0,0,1,0,1,0,1,0,0,0,0,0,0,0,0,0
311,2007-08-02,0.0,1,0,0,0,0,0,1,0,1,0,0,1,0,0,0,0,0,0,0,0,0
312,2007-11-02,0.0,0,0,0,1,0,0,1,0,1,0,0,0,0,0,0,0,0,0,0,1,0
313,2007-02-16,0.0,0,0,0,1,0,0,1,0,1,0,0,0,0,0,0,0,1,0,0,0,0
314,2007-02-17,0.0,0,0,1,0,0,0,1,0,1,0,0,1,0,0,0,0,0,0,0,0,0
315,2007-02-19,0.0,0,0,0,0,1,0,1,0,1,0,0,1,0,0,0,0,0,0,0,0,0
316,2007-03-03,50.0,0,0,0,1,0,0,1,0,0,1,0,1,0,0,0,0,0,0,0,0,0
317,2007-05-03,0.0,1,0,0,0,0,0,0,1,1,0,0,0,0,0,0,0,0,0,0,1,0
319,2007-09-03,0.0,0,0,0,0,1,0,1,0,1,0,0,1,0,0,0,0,0,0,0,0,0
320,2007-12-03,15.0,1,0,0,0,0,0,1,0,1,0,0,0,0,0,0,0,1,0,0,0,0
321,2007-03-13,3.0,1,0,0,0,0,0,1,0,1,0,0,1,0,0,0,0,0,0,0,0,0
322,2007-03-22,0.0,1,0,0,0,0,0,0,1,1,0,0,0,0,0,0,0,0,0,0,1,0
323,2007-03-27,0.0,1,0,0,0,0,0,1,0,1,0,0,0,0,0,0,0,1,0,0,0,0
324,2007-04-28,0.0,1,0,0,0,0,0,0,1,1,0,0,1,0,0,0,0,0,0,0,0,0
325,2007-01-05,50.0,0,1,0,0,0,0,1,0,1,0,0,1,0,0,0,0,0,0,0,0,0
326,2007-02-05,0.0,1,0,0,0,0,0,0,1,1,0,0,0,0,0,0,0,1,0,0,0,0
327,2007-06-05,0.0,1,0,0,0,0,0,1,0,1,0,0,1,0,0,0,0,0,0,0,0,0
328,2007-12-05,700.0,1,0,0,0,0,0,1,0,1,0,0,0,0,0,0,0,1,0,0,0,0
329,2007-05-13,0.0,1,0,0,0,0,1,0,0,0,1,0,0,0,0,0,0,0,0,0,1,0
330,2007-05-16,0.0,1,0,0,0,0,0,0,1,0,1,0,0,0,0,0,0,0,0,0,1,0
331,2007-05-21,7.0,1,0,0,0,0,0,1,0,0,1,0,0,0,0,0,0,1,0,0,0,0
332,2007-05-21,0.0,1,0,0,0,0,0,0,1,0,1,0,1,0,0,0,0,0,0,0,0,0
333,2007-05-23,0.2,1,0,0,0,0,1,0,0,0,1,0,0,0,0,0,0,1,0,0,0,0
334,2007-05-26,2.0,0,0,0,1,0,0,0,1,1,0,0,0,0,0,0,0,0,0,0,1,0
335,2007-05-28,0.0,1,0,0,0,0,0,0,1,1,0,0,0,0,0,0,0,0,0,0,1,0
336,2007-05-29,10.0,1,0,0,0,0,0,1,0,1,0,0,0,0,0,0,0,1,0,0,0,0
337,2007-05-30,20.0,0,0,0,1,0,0,1,0,1,0,0,0,0,0,0,0,1,0,0,0,0
338,2007-08-06,20.0,0,0,1,0,0,0,1,0,0,1,0,1,0,0,0,0,0,0,0,0,0
339,2007-10-07,200.0,0,0,0,0,1,0,1,0,0,1,0,1,0,0,0,0,0,0,0,0,0
340,2007-07-18,0.0,1,0,0,0,0,0,0,1,1,0,0,1,0,0,0,0,0,0,0,0,0
341,2007-07-22,30.0,0,0,0,0,1,0,0,1,0,1,0,0,0,0,0,1,0,0,0,0,0
342,2007-01-08,0.0,1,0,0,0,0,0,0,1,1,0,0,1,0,0,0,0,0,0,0,0,0
343,2007-10-08,200.0,0,0,1,0,0,0,1,0,0,1,0,1,0,0,0,0,0,0,0,0,0
344,2007-08-18,3.0,1,0,0,0,0,0,1,0,0,1,0,1,0,0,0,0,0,0,0,0,0
345,2007-08-20,1.0,1,0,0,0,0,0,0,1,1,0,0,1,0,0,0,0,0,0,0,0,0
346,2007-08-21,0.0,0,1,0,0,0,0,0,1,1,0,0,1,0,0,0,0,0,0,0,0,0
347,2007-08-25,0.0,0,0,0,1,0,0,0,1,1,0,0,0,0,0,0,0,0,0,0,1,0
348,2007-08-26,0.0,1,0,0,0,0,0,1,0,1,0,0,1,0,0,0,0,0,0,0,0,0
349,2007-08-31,0.0,0,0,0,1,0,0,0,1,1,0,0,0,0,0,0,0,1,0,0,0,0
350,2007-05-09,200.0,0,0,0,0,1,0,1,0,1,0,0,1,0,0,0,0,0,0,0,0,0
351,2007-11-09,7000.0,0,0,0,1,0,0,1,0,1,0,0,1,0,0,0,0,0,0,0,0,0
352,2007-12-09,40.0,0,0,0,1,0,0,1,0,1,0,0,0,0,0,0,0,1,0,0,0,0
353,2007-09-27,0.0,1,0,0,0,0,0,1,0,1,0,0,0,0,0,0,0,0,0,0,1,0
354,2007-09-30,0.0,0,1,0,0,0,0,1,0,1,0,0,0,0,1,0,0,0,0,0,0,0
355,2007-09-30,0.0,0,0,1,0,0,0,1,0,1,0,0,0,0,0,0,0,1,0,0,0,0
356,2007-08-10,0.0,0,1,0,0,0,0,0,1,0,1,0,0,0,1,0,0,0,0,0,0,0
357,2007-10-18,0.0,1,0,0,0,0,0,0,1,1,0,0,0,0,0,0,0,0,0,0,1,0
358,2007-10-24,0.0,0,1,0,0,0,0,0,1,1,0,0,0,0,0,0,0,0,0,0,1,0
359,2007-10-27,0.0,1,0,0,0,0,0,0,1,1,0,0,0,0,0,0,0,0,0,0,1,0
360,2007-10-30,0.0,0,1,0,0,0,0,1,0,1,0,0,1,0,0,0,0,0,0,0,0,0
361,2007-01-11,0.0,0,1,0,0,0,0,0,1,0,1,0,1,0,0,0,0,0,0,0,0,0
362,2007-07-11,0.0,1,0,0,0,0,0,1,0,1,0,0,1,0,0,0,0,0,0,0,0,0
363,2007-11-23,0.0,1,0,0,0,0,1,0,0,1,0,0,1,0,0,0,0,0,0,0,0,0
364,2007-11-27,0.0,0,1,0,0,0,0,0,1,1,0,0,1,0,0,0,0,0,0,0,0,0
365,2007-11-27,0.0,0,1,0,0,0,0,1,0,1,0,0,1,0,0,0,0,0,0,0,0,0
366,2007-11-27,0.0,0,1,0,0,0,0,0,1,0,1,0,0,0,0,0,0,0,0,0,1,0
367,2007-06-12,0.0,0,1,0,0,0,0,1,0,1,0,0,1,0,0,0,0,0,0,0,0,0
368,2007-12-27,0.0,0,1,0,0,0,0,0,1,1,0,0,1,0,0,0,0,0,0,0,0,0
369,2008-01-01,100.0,1,0,0,0,0,0,1,0,1,0,0,1,0,0,0,0,0,0,0,0,0
370,2008-01-14,0.0,0,0,0,1,0,0,0,1,1,0,0,0,0,0,0,0,0,0,0,1,0
371,2008-01-15,10.0,0,1,0,0,0,0,1,0,0,1,0,1,0,0,0,0,0,0,0,0,0
372,2008-01-16,0.0,0,0,0,1,0,0,1,0,0,1,0,0,0,0,0,0,0,0,0,1,0
373,2008-01-21,20.0,1,0,0,0,0,0,1,0,1,0,0,1,0,0,0,0,0,0,0,0,0
374,2008-01-31,50.0,0,1,0,0,0,0,1,0,0,1,0,0,0,1,0,0,0,0,0,0,0
375,2008-03-02,0.0,0,0,1,0,0,0,0,1,1,0,0,0,0,0,0,0,0,0,0,1,0
376,2008-04-02,0.0,1,0,0,0,0,0,1,0,1,0,0,1,0,0,0,0,0,0,0,0,0
377,2008-04-02,0.0,0,0,1,0,0,0,1,0,1,0,0,1,0,0,0,0,0,0,0,0,0
378,2008-02-17,0.0,0,0,1,0,0,0,0,1,1,0,0,1,0,0,0,0,0,0,0,0,0
379,2008-08-03,5.0,1,0,0,0,0,0,1,0,0,1,0,1,0,0,0,0,0,0,0,0,0
380,2008-03-14,25.0,0,0,0,1,0,0,1,0,1,0,0,0,0,0,0,0,1,0,0,0,0
381,2008-03-19,0.5,0,1,0,0,0,0,1,0,0,1,0,0,0,0,0,1,0,0,0,0,0
382,2008-03-23,0.0,1,0,0,0,0,0,1,0,1,0,0,1,0,0,0,0,0,0,0,0,0
383,2008-06-04,0.0,1,0,0,0,0,0,1,0,1,0,0,1,0,0,0,0,0,0,0,0,0
384,2008-08-04,0.0,0,1,0,0,0,0,0,1,0,1,0,0,0,0,0,0,0,0,0,1,0
385,2008-12-04,50.0,0,0,1,0,0,0,1,0,0,1,0,1,0,0,0,0,0,0,0,0,0
386,2008-04-21,0.0,0,0,1,0,0,0,1,0,0,1,0,0,0,0,0,0,0,0,0,1,0
387,2008-04-24,0.0,0,0,0,0,1,1,0,0,0,1,0,1,0,0,0,0,0,0,0,0,0
388,2008-04-26,300.0,0,0,1,0,0,0,1,0,1,0,0,1,0,0,0,0,0,0,0,0,0
389,2008-10-05,0.0,1,0,0,0,0,0,1,0,1,0,0,0,0,0,0,1,0,0,0,0,0
390,2008-05-16,0.0,1,0,0,0,0,0,0,1,1,0,0,0,0,0,0,0,1,0,0,0,0
391,2008-05-17,0.0,0,0,1,0,0,0,1,0,1,0,0,0,0,1,0,0,0,0,0,0,0
392,2008-05-25,0.0,0,0,1,0,0,0,1,0,0,1,0,0,0,0,0,0,0,0,0,0,1
393,2008-05-28,1.0,0,0,0,0,1,0,1,0,0,1,0,0,0,0,0,1,0,0,0,0,0
394,2008-09-06,0.0,1,0,0,0,0,0,0,1,1,0,0,0,0,0,0,0,1,0,0,0,0
395,2008-06-17,77.0,0,0,1,0,0,1,0,0,0,1,0,1,0,0,0,0,0,0,0,0,0
396,2008-06-18,0.0,1,0,0,0,0,0,0,1,1,0,0,1,0,0,0,0,0,0,0,0,0
397,2008-06-18,100.0,1,0,0,0,0,0,1,0,0,1,0,1,0,0,0,0,0,0,0,0,0
398,2008-06-26,0.0,1,0,0,0,0,0,0,1,1,0,0,1,0,0,0,0,0,0,0,0,0
399,2008-07-07,0.0,0,0,1,0,0,1,0,0,0,1,0,0,0,0,0,0,0,0,0,0,1
400,2008-08-07,0.0,0,0,1,0,0,1,0,0,0,1,0,0,0,0,0,0,0,0,0,0,1
401,2008-07-16,0.0,0,1,0,0,0,0,0,1,1,0,0,1,0,0,0,0,0,0,0,0,0
402,2008-07-20,0.0,0,0,1,0,0,0,0,1,1,0,0,0,0,0,0,0,0,0,0,1,0
403,2008-07-30,0.0,1,0,0,0,0,0,0,1,1,0,0,1,0,0,0,0,0,0,0,0,0
404,2008-07-30,4.0,0,0,1,0,0,0,1,0,0,1,0,0,0,0,0,0,1,0,0,0,0
405,2008-07-30,0.0,0,0,0,0,1,0,0,1,1,0,0,0,0,0,0,0,1,0,0,0,0
406,2008-06-08,0.0,0,0,0,1,0,0,1,0,1,0,0,1,0,0,0,0,0,0,0,0,0
407,2008-08-08,1.0,0,0,1,0,0,1,0,0,0,1,0,0,0,0,0,1,0,0,0,0,0
408,2008-08-13,10.0,0,0,0,1,0,0,1,0,0,1,0,1,0,0,0,0,0,0,0,0,0
409,2008-08-21,0.0,1,0,0,0,0,0,1,0,0,1,0,0,0,0,0,0,0,0,0,0,1
410,2008-02-09,300.0,0,0,0,0,1,0,1,0,1,0,0,1,0,0,0,0,0,0,0,0,0
411,2008-09-13,0.0,0,0,1,0,0,0,0,1,0,1,0,1,0,0,0,0,0,0,0,0,0
412,2008-09-15,0.0,1,0,0,0,0,0,0,1,1,0,0,0,0,0,0,0,0,0,0,1,0
413,2008-09-10,0.0,0,0,0,1,0,0,0,1,0,1,0,0,0,0,0,0,0,0,0,1,0
414,2008-10-13,100.0,1,0,0,0,0,0,1,0,0,1,0,0,0,1,0,0,0,0,0,0,0
415,2008-10-22,0.0,0,0,0,1,0,0,1,0,1,0,0,1,0,0,0,0,0,0,0,0,0
416,2008-10-24,10.0,0,0,0,1,0,0,1,0,0,1,0,1,0,0,0,0,0,0,0,0,0
417,2008-09-11,0.0,0,0,0,1,0,0,1,0,0,1,0,1,0,0,0,0,0,0,0,0,0
418,2008-11-17,0.0,0,0,1,0,0,0,1,0,1,0,0,1,0,0,0,0,0,0,0,0,0
419,2008-11-21,0.0,0,0,0,1,0,1,0,0,0,1,0,0,0,0,0,0,1,0,0,0,0
420,2008-01-12,0.0,0,0,1,0,0,0,1,0,0,1,0,0,0,0,0,0,1,0,0,0,0
421,2008-01-12,5.0,0,0,0,1,0,1,0,0,0,1,0,0,0,0,0,0,1,0,0,0,0
422,2008-10-12,0.0,0,0,0,0,1,0,0,1,0,1,0,1,0,0,0,0,0,0,0,0,0
423,2008-12-17,0.0,1,0,0,0,0,0,1,0,1,0,0,1,0,0,0,0,0,0,0,0,0
424,2008-12-27,0.0,1,0,0,0,0,0,1,0,1,0,0,1,0,0,0,0,0,0,0,0,0
425,2009-05-01,0.0,0,0,1,0,0,0,0,1,0,1,0,0,0,0,0,0,0,0,0,1,0
426,2009-05-01,0.0,0,0,1,0,0,0,0,1,0,1,0,1,0,0,0,0,0,0,0,0,0
427,2009-01-26,0.0,1,0,0,0,0,0,1,0,1,0,0,1,0,0,0,0,0,0,0,0,0
428,2009-01-29,0.0,0,1,0,0,0,0,1,0,0,1,0,0,0,0,0,0,0,0,0,1,0
429,2009-01-29,50.0,0,0,0,0,1,1,0,0,0,1,0,1,0,0,0,0,0,0,0,0,0
430,2009-01-31,0.0,1,0,0,0,0,0,1,0,0,1,0,0,0,0,0,0,1,0,0,0,0
431,2009-01-02,0.0,0,0,1,0,0,0,1,0,0,1,0,1,0,0,0,0,0,0,0,0,0
432,2009-01-02,0.0,0,0,1,0,0,0,1,0,0,1,0,1,0,0,0,0,0,0,0,0,0
433,2009-01-02,20.0,0,0,1,0,0,0,0,1,0,1,0,1,0,0,0,0,0,0,0,0,0
434,2009-03-02,0.0,0,0,1,0,0,0,0,1,1,0,0,0,0,0,0,0,1,0,0,0,0
435,2009-10-02,20.0,0,0,1,0,0,0,1,0,0,1,0,1,0,0,0,0,0,0,0,0,0
436,2009-02-19,0.0,1,0,0,0,0,0,0,1,1,0,0,0,0,0,0,0,0,0,0,1,0
437,2009-02-27,1000.0,0,0,1,0,0,1,0,0,0,1,0,1,0,0,0,0,0,0,0,0,0
439,2009-04-06,0.0,0,0,0,0,1,0,0,1,1,0,0,0,0,0,0,0,1,0,0,0,0
440,2009-08-06,50.0,0,1,0,0,0,0,1,0,0,1,0,1,0,0,0,0,0,0,0,0,0
441,2009-06-15,200.0,0,1,0,0,0,0,1,0,1,0,0,1,0,0,0,0,0,0,0,0,0
442,2009-06-22,2000.0,0,1,0,0,0,0,1,0,1,0,0,1,0,0,0,0,0,0,0,0,0
443,2009-06-22,0.0,0,0,0,0,1,0,0,1,0,1,0,1,0,0,0,0,0,0,0,0,0
444,2009-06-26,60.0,1,0,0,0,0,0,0,1,0,1,0,0,0,0,0,0,0,0,0,1,0
445,2009-06-26,0.0,0,1,0,0,0,1,0,0,0,1,0,0,0,0,0,1,0,0,0,0,0
446,2009-07-13,10.0,0,0,0,1,0,0,1,0,1,0,0,0,0,0,0,0,1,0,0,0,0
447,2009-07-15,200.0,0,0,0,0,1,0,1,0,1,0,0,0,0,0,0,0,1,0,0,0,0
448,2009-07-28,35.0,0,1,0,0,0,0,0,1,0,1,0,0,0,0,0,0,1,0,0,0,0
449,2009-08-23,0.0,0,0,1,0,0,0,0,1,0,1,0,0,0,0,0,0,1,0,0,0,0
450,2009-09-16,20.0,1,0,0,0,0,0,0,1,0,1,0,1,0,0,0,0,0,0,0,0,0
451,2009-09-18,5.0,1,0,0,0,0,0,1,0,0,1,0,0,0,1,0,0,0,0,0,0,0
452,2009-09-27,0.0,0,1,0,0,0,0,0,1,1,0,0,0,0,0,0,0,0,0,0,1,0
453,2009-06-10,0.0,1,0,0,0,0,0,0,1,1,0,0,0,0,0,0,0,0,0,0,1,0
454,2009-10-18,0.0,0,0,0,1,0,0,1,0,0,1,0,0,0,1,0,0,0,0,0,0,0
455,2009-10-23,50.0,0,0,0,0,1,0,1,0,0,1,0,0,0,0,0,0,1,0,0,0,0
456,2009-10-30,50.0,1,0,0,0,0,0,1,0,1,0,0,1,0,0,0,0,0,0,0,0,0
457,2009-04-12,2.0,0,0,0,0,1,0,1,0,0,1,0,1,0,0,0,0,0,0,0,0,0
458,2009-12-12,0.0,0,1,0,0,0,0,1,0,0,1,0,1,0,0,0,0,0,0,0,0,0
459,2009-12-13,0.0,1,0,0,0,0,0,0,1,1,0,0,0,0,0,0,0,1,0,0,0,0
460,2010-04-01,0.0,0,0,1,0,0,0,0,1,0,1,0,1,0,0,0,0,0,0,0,0,0
461,2010-05-01,50.0,0,0,0,1,0,0,1,0,0,1,0,0,0,1,0,0,0,0,0,0,0
462,2010-09-01,20.0,1,0,0,0,0,0,1,0,0,1,0,0,0,1,0,0,0,0,0,0,0
463,2010-01-18,0.0,0,0,1,0,0,1,0,0,1,0,0,0,0,0,0,1,0,0,0,0,0
464,2010-01-20,0.0,1,0,0,0,0,0,1,0,0,1,0,1,0,0,0,0,0,0,0,0,0
465,2010-02-02,0.0,0,0,0,1,0,0,0,1,1,0,0,1,0,0,0,0,0,0,0,0,0
466,2010-02-16,0.0,1,0,0,0,0,0,0,1,0,1,0,0,0,0,0,0,1,0,0,0,0
467,2010-02-16,10.0,0,0,0,0,1,0,0,1,0,1,0,0,0,0,0,0,0,0,0,1,0
468,2010-02-23,8.0,1,0,0,0,0,0,1,0,1,0,0,1,0,0,0,0,0,0,0,0,0
469,2010-02-26,0.0,1,0,0,0,0,0,1,0,1,0,0,1,0,0,0,0,0,0,0,0,0
470,2010-03-18,1000.0,0,1,0,0,0,0,1,0,1,0,0,1,0,0,0,0,0,0,0,0,0
471,2010-03-31,0.0,1,0,0,0,0,0,1,0,1,0,0,1,0,0,0,0,0,0,0,0,0
472,2010-04-13,10.0,0,0,1,0,0,0,0,1,0,1,0,1,0,0,0,0,0,0,0,0,0
473,2010-04-14,20.0,0,1,0,0,0,0,1,0,0,1,0,1,0,0,0,0,0,0,0,0,0
474,2010-04-20,0.0,0,0,1,0,0,0,1,0,0,1,0,1,0,0,0,0,0,0,0,0,0
475,2010-04-21,0.0,1,0,0,0,0,0,0,1,1,0,0,1,0,0,0,0,0,0,0,0,0
476,2010-04-25,0.0,1,0,0,0,0,0,1,0,1,0,0,1,0,0,0,0,0,0,0,0,0
477,2010-11-05,0.0,0,0,0,0,1,0,0,1,0,1,0,1,0,0,0,0,0,0,0,0,0
478,2010-05-13,3.0,0,1,0,0,0,0,1,0,0,1,0,1,0,0,0,0,0,0,0,0,0
479,2010-05-27,5.0,0,1,0,0,0,0,1,0,0,1,0,1,0,0,0,0,0,0,0,0,0
480,2010-05-07,5.0,0,0,0,0,1,0,0,1,0,1,0,1,0,0,0,0,0,0,0,0,0
481,2010-07-23,30.0,1,0,0,0,0,0,1,0,0,1,0,0,0,1,0,0,0,0,0,0,0
482,2010-07-25,0.0,1,0,0,0,0,0,0,1,1,0,0,1,0,0,0,0,0,0,0,0,0
483,2010-07-28,0.0,0,0,1,0,0,0,0,1,0,1,0,1,0,0,0,0,0,0,0,0,0
484,2010-08-13,100.0,0,0,1,0,0,1,0,0,0,1,0,0,0,1,0,0,0,0,0,0,0
485,2010-08-18,300.0,0,0,0,0,1,0,1,0,0,1,0,1,0,0,0,0,0,0,0,0,0
486,2010-06-09,0.0,1,0,0,0,0,1,0,0,0,1,0,1,0,0,0,0,0,0,0,0,0
487,2010-10-14,0.0,0,0,0,1,0,0,1,0,0,1,0,0,0,0,0,0,1,0,0,0,0
488,2010-10-20,0.0,1,0,0,0,0,0,0,1,0,1,0,0,0,0,0,1,0,0,0,0,0
489,2010-10-30,0.0,0,0,0,1,0,0,0,1,1,0,0,1,0,0,0,0,0,0,0,0,0
490,2010-02-11,10.0,1,0,0,0,0,0,1,0,1,0,0,0,0,0,0,0,1,0,0,0,0
491,2010-07-11,0.0,0,0,1,0,0,0,0,1,1,0,0,0,0,1,0,0,0,0,0,0,0
492,2010-11-14,200.0,0,1,0,0,0,0,1,0,0,1,0,1,0,0,0,0,0,0,0,0,0
493,2010-11-18,0.0,1,0,0,0,0,0,0,1,1,0,0,0,0,0,0,0,1,0,0,0,0
494,2010-11-25,20.0,1,0,0,0,0,0,1,0,0,1,0,0,0,0,0,0,1,0,0,0,0
495,2010-08-12,120.0,0,1,0,0,0,0,1,0,1,0,0,1,0,0,0,0,0,0,0,0,0
496,2011-05-01,0.0,0,1,0,0,0,0,0,1,1,0,0,1,0,0,0,0,0,0,0,0,0
497,2011-08-01,10.0,0,0,1,0,0,0,1,0,1,0,0,0,0,0,0,0,1,0,0,0,0
498,2011-10-01,40.0,0,0,1,0,0,0,1,0,1,0,0,0,0,0,0,0,1,0,0,0,0
499,2011-11-02,0.0,1,0,0,0,0,0,1,0,0,1,0,1,0,0,0,0,0,0,0,0,0
500,2011-11-02,15.0,0,0,1,0,0,0,1,0,0,1,0,1,0,0,0,0,0,0,0,0,0
501,2011-02-15,0.0,0,1,0,0,0,0,0,1,1,0,0,0,0,0,0,0,0,0,0,1,0
502,2011-02-15,0.0,0,1,0,0,0,0,0,1,1,0,0,0,0,0,0,0,0,0,0,1,0
503,2011-02-17,0.0,1,0,0,0,0,0,1,0,0,1,0,0,0,0,0,0,1,0,0,0,0
504,2011-02-03,0.0,0,1,0,0,0,0,0,1,1,0,0,0,0,0,0,0,0,0,0,1,0
505,2011-04-03,0.0,0,0,1,0,0,0,0,1,1,0,0,0,0,1,0,0,0,0,0,0,0
506,2011-08-03,300.0,0,1,0,0,0,0,1,0,1,0,0,0,0,1,0,0,0,0,0,0,0
507,2011-03-15,20.0,0,1,0,0,0,0,0,1,1,0,0,0,0,0,0,0,1,0,0,0,0
508,2011-03-19,0.0,1,0,0,0,0,0,0,1,1,0,0,1,0,0,0,0,0,0,0,0,0
509,2011-03-26,0.0,1,0,0,0,0,1,0,0,0,1,0,0,0,0,0,0,1,0,0,0,0
510,2011-03-28,0.0,1,0,0,0,0,0,1,0,1,0,0,1,0,0,0,0,0,0,0,0,0
511,2011-03-30,0.0,1,0,0,0,0,0,1,0,1,0,0,1,0,0,0,0,0,0,0,0,0
512,2011-06-04,50.0,0,0,0,0,1,1,0,0,0,1,0,1,0,0,0,0,0,0,0,0,0
513,2011-09-04,0.0,1,0,0,0,0,0,0,1,1,0,0,0,0,0,0,0,0,0,0,1,0
514,2011-11-04,20.0,0,0,1,0,0,0,1,0,0,1,0,0,0,0,0,0,1,0,0,0,0
515,2011-04-19,0.0,0,0,0,0,1,1,0,0,1,0,0,1,0,0,0,0,0,0,0,0,0
516,2011-07-05,0.0,1,0,0,0,0,0,1,0,1,0,0,1,0,0,0,0,0,0,0,0,0
517,2011-05-22,3.0,0,0,0,1,0,0,0,1,0,1,0,1,0,0,0,0,0,0,0,0,0
518,2011-12-06,0.0,0,0,0,1,0,0,1,0,0,1,0,0,0,0,0,0,1,0,0,0,0
519,2011-06-20,4.0,0,0,0,1,0,0,1,0,0,1,0,0,0,0,0,0,1,0,0,0,0
520,2011-06-21,10.0,0,1,0,0,0,0,1,0,1,0,0,1,0,0,0,0,0,0,0,0,0
521,2011-07-07,2.0,0,0,0,1,0,0,1,0,0,1,0,0,0,0,0,0,1,0,0,0,0
522,2011-10-07,2.0,0,0,0,1,0,0,1,0,0,1,0,0,0,0,0,0,1,0,0,0,0
524,2011-07-14,20.0,0,0,1,0,0,0,1,0,0,1,0,0,0,0,0,0,1,0,0,0,0
525,2011-07-23,5.0,0,0,1,0,0,0,0,1,0,1,0,0,0,0,0,0,1,0,0,0,0
526,2011-10-08,0.0,0,0,0,1,0,0,0,1,0,1,0,0,0,0,0,0,1,0,0,0,0
527,2011-08-14,600.0,0,0,0,0,1,0,1,0,0,1,0,1,0,0,0,0,0,0,0,0,0
528,2011-08-16,10.0,0,0,1,0,0,0,1,0,0,1,0,0,0,0,0,0,1,0,0,0,0
529,2011-08-16,0.0,0,0,0,1,0,0,1,0,0,1,0,1,0,0,0,0,0,0,0,0,0
530,2011-08-19,0.0,0,1,0,0,0,0,0,1,1,0,0,0,0,1,0,0,0,0,0,0,0
531,2011-07-09,0.0,0,1,0,0,0,0,0,1,0,1,0,1,0,0,0,0,0,0,0,0,0
532,2011-12-09,2.0,0,0,0,1,0,0,1,0,0,1,0,0,0,0,0,0,1,0,0,0,0
533,2011-09-29,0.0,1,0,0,0,0,1,0,0,0,1,0,1,0,0,0,0,0,0,0,0,0
534,2011-09-30,0.0,0,0,1,0,0,0,1,0,0,1,0,1,0,0,0,0,0,0,0,0,0
535,2011-10-10,0.0,0,0,0,0,1,0,1,0,0,1,0,0,0,0,0,0,1,0,0,0,0
536,2011-10-14,0.0,0,1,0,0,0,1,0,0,1,0,0,0,0,0,0,0,1,0,0,0,0
537,2011-10-14,200.0,0,0,1,0,0,0,1,0,0,1,0,0,0,0,0,0,1,0,0,0,0
538,2011-10-23,400.0,0,1,0,0,0,0,1,0,1,0,0,1,0,0,0,0,0,0,0,0,0
539,2011-10-28,0.0,1,0,0,0,0,0,1,0,0,1,0,0,0,0,0,0,1,0,0,0,0
540,2011-10-31,50.0,0,0,1,0,0,1,0,0,0,1,0,0,0,0,0,0,1,0,0,0,0
541,2011-02-11,0.0,0,0,1,0,0,1,0,0,0,1,0,0,0,0,0,0,1,0,0,0,0
542,2011-11-21,50.0,0,0,1,0,0,0,1,0,0,1,0,0,0,0,0,0,1,0,0,0,0
543,2011-11-23,0.0,1,0,0,0,0,0,0,1,0,1,0,0,0,0,0,0,0,0,0,1,0
544,2011-11-28,0.0,0,0,0,1,0,0,1,0,0,1,0,1,0,0,0,0,0,0,0,0,0
545,2011-04-12,2.0,1,0,0,0,0,0,1,0,0,1,0,1,0,0,0,0,0,0,0,0,0
546,2011-07-12,20.0,1,0,0,0,0,0,1,0,0,1,0,1,0,0,0,0,0,0,0,0,0
547,2011-08-12,1.0,0,0,0,1,0,0,1,0,0,1,0,1,0,0,0,0,0,0,0,0,0
548,2011-09-12,0.0,1,0,0,0,0,0,0,1,0,1,0,0,0,0,0,0,0,0,0,1,0
549,2011-12-12,10.0,0,0,1,0,0,0,1,0,0,1,0,0,0,0,0,0,1,0,0,0,0
550,2011-12-20,3.0,0,0,0,0,1,0,1,0,0,1,0,0,0,0,0,0,0,0,0,1,0
551,2011-12-22,0.0,0,0,0,1,0,0,1,0,1,0,0,0,0,0,0,0,0,0,0,1,0
552,2011-12-25,10.0,0,0,1,0,0,0,1,0,0,1,0,0,0,0,0,0,1,0,0,0,0
553,2012-01-19,1.0,0,0,0,1,0,0,1,0,0,1,0,0,0,0,0,0,1,0,0,0,0
554,2012-01-23,3000.0,1,0,0,0,0,0,1,0,0,1,0,0,0,1,0,0,0,0,0,0,0
555,2012-06-02,0.0,0,0,0,1,0,1,0,0,0,1,0,0,0,0,0,0,0,0,0,1,0
556,2012-02-15,1.0,0,0,0,1,0,0,1,0,0,1,0,0,0,0,0,0,1,0,0,0,0
557,2012-01-03,0.0,0,0,1,0,0,0,1,0,0,1,0,1,0,0,0,0,0,0,0,0,0
558,2012-05-03,2.0,0,0,0,1,0,0,1,0,0,1,0,0,0,0,0,0,0,0,0,1,0
559,2012-09-03,0.0,0,0,0,1,0,0,1,0,0,1,0,0,0,0,0,0,0,0,0,1,0
560,2012-03-14,0.0,1,0,0,0,0,0,1,0,0,1,0,1,0,0,0,0,0,0,0,0,0
561,2012-03-23,0.0,0,1,0,0,0,0,0,1,0,1,0,1,0,0,0,0,0,0,0,0,0
562,2012-03-28,0.0,0,0,1,0,0,0,1,0,0,1,0,0,0,0,0,0,1,0,0,0,0
563,2012-08-04,2000.0,0,0,0,0,1,0,1,0,0,1,0,1,0,0,0,0,0,0,0,0,0
564,2012-04-17,1.0,1,0,0,0,0,0,1,0,0,1,0,0,0,0,0,0,1,0,0,0,0
565,2012-04-18,4.0,1,0,0,0,0,0,1,0,0,1,0,0,0,0,0,0,1,0,0,0,0
566,2012-04-24,0.0,1,0,0,0,0,0,0,1,0,1,0,0,0,0,0,0,1,0,0,0,0
567,2012-04-30,0.0,0,0,1,0,0,0,1,0,0,1,0,0,0,0,0,0,0,0,0,1,0
568,2012-04-30,15.0,0,0,0,1,0,0,1,0,0,1,0,0,0,0,0,0,1,0,0,0,0
569,2012-03-05,2500.0,1,0,0,0,0,1,0,0,0,1,0,0,0,0,0,0,1,0,0,0,0
570,2012-10-05,1.0,0,0,0,1,0,0,0,1,0,1,0,0,0,0,0,0,0,1,0,0,0
571,2012-05-15,0.0,0,0,0,0,1,0,1,0,0,1,0,1,0,0,0,0,0,0,0,0,0
572,2012-05-24,2.0,0,0,1,0,0,0,1,0,0,1,0,0,0,0,0,0,1,0,0,0,0
573,2012-02-06,20.0,0,0,1,0,0,0,1,0,0,1,0,0,0,0,0,0,1,0,0,0,0
574,2012-03-06,1.0,0,0,1,0,0,0,1,0,0,1,0,1,0,0,0,0,0,0,0,0,0
575,2012-06-06,100.0,0,1,0,0,0,0,1,0,1,0,0,1,0,0,0,0,0,0,0,0,0
576,2012-06-13,0.0,0,0,1,0,0,0,1,0,0,1,0,0,0,0,0,0,1,0,0,0,0
577,2012-06-29,3000.0,0,0,0,0,1,1,0,0,0,1,0,0,0,0,0,0,1,0,0,0,0
578,2012-08-07,2.0,0,0,1,0,0,0,1,0,0,1,0,0,0,0,0,0,1,0,0,0,0
579,2012-10-07,0.0,1,0,0,0,0,0,0,1,1,0,0,0,0,1,0,0,0,0,0,0,0
580,2012-12-07,20.0,1,0,0,0,0,0,0,1,0,1,0,1,0,0,0,0,0,0,0,0,0
581,2012-12-07,5.0,0,0,0,0,1,1,0,0,1,0,0,1,0,0,0,0,0,0,0,0,0
582,2012-07-14,100.0,0,0,1,0,0,0,0,1,0,1,0,1,0,0,0,0,0,0,0,0,0
583,2012-07-18,0.0,1,0,0,0,0,0,0,1,1,0,0,1,0,0,0,0,0,0,0,0,0
584,2012-07-21,0.0,0,0,1,0,0,0,0,1,1,0,0,1,0,0,0,0,0,0,0,0,0
585,2012-07-23,2.0,0,0,0,1,0,0,1,0,1,0,0,0,0,0,0,0,1,0,0,0,0
586,2012-07-23,50.0,0,0,0,0,1,0,0,1,1,0,0,1,0,0,0,0,0,0,0,0,0
587,2012-07-27,0.0,0,0,0,0,1,0,0,1,0,1,0,1,0,0,0,0,0,0,0,0,0
588,2012-02-08,2.0,0,0,1,0,0,0,1,0,0,1,0,0,0,0,0,0,1,0,0,0,0
589,2012-04-08,0.0,0,0,0,0,1,0,0,1,0,1,0,1,0,0,0,0,0,0,0,0,0
590,2012-05-08,5.0,0,0,1,0,0,0,1,0,0,1,0,0,0,0,0,0,1,0,0,0,0
592,2012-08-14,20.0,1,0,0,0,0,0,0,1,1,0,0,1,0,0,0,0,0,0,0,0,0
593,2012-08-17,0.0,0,1,0,0,0,0,0,1,1,0,0,0,0,1,0,0,0,0,0,0,0
594,2012-08-19,3000.0,1,0,0,0,0,1,0,0,0,1,0,0,0,0,0,1,0,0,0,0,0
595,2012-08-21,0.0,1,0,0,0,0,0,0,1,1,0,0,0,0,0,0,0,0,0,0,1,0
596,2012-04-09,10.0,0,0,1,0,0,0,1,0,0,1,0,0,0,0,0,0,1,0,0,0,0
597,2012-05-09,0.0,1,0,0,0,0,0,1,0,0,1,0,0,0,0,0,0,0,0,0,1,0
598,2012-11-09,2.0,0,0,0,0,1,0,1,0,0,1,0,0,0,0,0,0,1,0,0,0,0
599,2012-09-16,2.0,0,0,0,1,0,0,1,0,0,1,0,0,0,0,0,0,1,0,0,0,0
600,2012-09-17,1.0,0,0,0,1,0,0,1,0,0,1,0,1,0,0,0,0,0,0,0,0,0
601,2012-01-10,0.0,0,0,1,0,0,0,0,1,1,0,0,0,0,0,0,0,1,0,0,0,0
602,2012-05-10,5.0,0,0,0,1,0,0,1,0,1,0,0,1,0,0,0,0,0,0,0,0,0
603,2012-05-10,5.0,0,0,0,0,1,0,1,0,0,1,0,0,0,0,0,0,1,0,0,0,0
604,2012-10-13,100.0,0,1,0,0,0,0,1,0,0,1,0,1,0,0,0,0,0,0,0,0,0
605,2012-10-14,10.0,0,0,1,0,0,0,1,0,0,1,0,0,0,0,0,0,1,0,0,0,0
606,2012-10-15,100.0,0,0,1,0,0,1,0,0,0,1,0,0,0,0,0,0,1,0,0,0,0
607,2012-10-15,5.0,0,0,0,0,1,0,1,0,0,1,0,0,0,0,0,0,1,0,0,0,0
608,2012-10-19,20.0,0,1,0,0,0,0,0,1,0,1,0,0,0,0,0,0,1,0,0,0,0
609,2012-10-19,1.0,0,0,0,1,0,0,1,0,1,0,0,0,0,0,0,0,1,0,0,0,0
610,2012-10-20,2000.0,0,0,0,0,1,0,1,0,0,1,0,0,0,0,0,0,1,0,0,0,0
611,2012-10-22,1500.0,0,0,1,0,0,0,1,0,0,1,0,0,0,0,0,0,0,0,1,0,0
612,2012-10-24,0.0,1,0,0,0,0,0,1,0,1,0,0,0,0,0,0,0,1,0,0,0,0
613,2012-10-27,0.0,0,1,0,0,0,0,1,0,1,0,0,0,0,0,0,0,1,0,0,0,0
614,2012-10-30,50.0,0,0,0,0,1,0,1,0,0,1,0,0,0,0,0,0,1,0,0,0,0
615,2012-10-30,1.0,0,0,0,0,1,0,1,0,0,1,0,0,0,0,0,0,1,0,0,0,0
616,2012-01-11,0.0,1,0,0,0,0,1,0,0,1,0,0,0,0,0,0,0,0,0,0,1,0
617,2012-02-11,2.0,0,0,0,0,1,0,1,0,0,1,0,0,0,0,0,0,1,0,0,0,0
618,2012-03-11,0.0,1,0,0,0,0,1,0,0,1,0,0,0,0,0,0,0,1,0,0,0,0
619,2012-09-11,200.0,1,0,0,0,0,0,1,0,1,0,0,1,0,0,0,0,0,0,0,0,0
620,2012-10-11,30.0,0,0,1,0,0,0,1,0,0,1,0,1,0,0,0,0,0,0,0,0,0
621,2012-12-11,10.0,0,0,0,1,0,0,1,0,1,0,0,0,0,0,0,1,0,0,0,0,0
622,2012-11-21,0.0,0,1,0,0,0,0,1,0,1,0,0,1,0,0,0,0,0,0,0,0,0
623,2012-11-22,5.0,0,0,1,0,0,0,0,1,0,1,0,0,0,0,0,0,0,0,0,1,0
624,2012-11-24,1.0,0,0,1,0,0,0,1,0,0,1,0,0,0,0,0,0,1,0,0,0,0
625,2012-11-26,0.0,0,0,1,0,0,0,1,0,1,0,0,0,0,0,0,0,0,0,1,0,0
626,2012-01-12,20.0,0,0,0,1,0,0,1,0,0,1,0,1,0,0,0,0,0,0,0,0,0
627,2012-12-15,10.0,0,0,0,0,1,0,1,0,0,1,0,0,0,0,0,0,1,0,0,0,0
628,2012-12-16,0.0,0,1,0,0,0,0,1,0,1,0,0,1,0,0,0,0,0,0,0,0,0
629,2013-01-01,0.0,1,0,0,0,0,0,0,1,1,0,0,1,0,0,0,0,0,0,0,0,0
630,2013-02-01,0.0,0,0,1,0,0,0,0,1,1,0,0,0,0,0,0,0,0,0,0,1,0
631,2013-02-01,0.0,0,0,0,0,1,0,1,0,0,1,0,0,0,0,0,0,0,0,0,1,0
632,2013-01-14,0.0,1,0,0,0,0,0,1,0,1,0,0,1,0,0,0,0,0,0,0,0,0
633,2013-01-17,20.0,0,1,0,0,0,0,1,0,0,1,0,1,0,0,0,0,0,0,0,0,0
634,2013-01-22,20.0,0,1,0,0,0,0,1,0,0,1,0,1,0,0,0,0,0,0,0,0,0
635,2013-04-02,10.0,0,0,0,0,1,0,0,1,1,0,0,1,0,0,0,0,0,0,0,0,0
636,2013-12-02,0.5,0,0,0,1,0,0,1,0,0,1,0,0,0,0,0,0,1,0,0,0,0
637,2013-02-21,0.0,0,1,0,0,0,0,0,1,0,1,0,0,0,0,0,0,0,0,0,1,0
639,2013-02-22,15.0,0,0,0,1,0,0,1,0,1,0,0,1,0,0,0,0,0,0,0,0,0
640,2013-02-24,15.0,0,0,1,0,0,1,0,0,1,0,0,1,0,0,0,0,0,0,0,0,0
641,2013-02-28,3.0,0,0,0,0,1,0,1,0,0,1,0,0,0,0,0,0,1,0,0,0,0
642,2013-11-03,5.0,0,1,0,0,0,1,0,0,0,1,0,0,0,0,0,1,0,0,0,0,0
643,2013-11-03,0.0,0,0,1,0,0,0,1,0,1,0,0,1,0,0,0,0,0,0,0,0,0
644,2013-03-14,1.0,0,1,0,0,0,0,1,0,0,1,0,0,0,0,0,0,1,0,0,0,0
645,2013-03-14,25.0,0,0,1,0,0,1,0,0,0,1,0,0,0,0,0,0,1,0,0,0,0
646,2013-03-15,10.0,0,1,0,0,0,0,1,0,0,1,1,0,0,0,0,0,0,0,0,0,0
647,2013-03-22,10.0,0,0,1,0,0,0,0,1,1,0,0,1,0,0,0,0,0,0,0,0,0
648,2013-04-04,5.0,0,0,0,0,1,0,1,0,0,1,0,0,0,0,0,0,1,0,0,0,0
649,2013-06-04,3.0,0,0,0,0,1,0,1,0,0,1,0,0,0,0,0,0,1,0,0,0,0
650,2013-10-04,0.3,0,0,1,0,0,0,1,0,0,1,0,1,0,0,0,0,0,0,0,0,0
651,2013-11-04,1.0,0,1,0,0,0,0,1,0,0,1,0,0,0,0,0,0,1,0,0,0,0
652,2013-11-04,1.0,0,0,1,0,0,1,0,0,0,1,0,0,0,0,0,0,1,0,0,0,0
653,2013-04-18,0.1,0,0,1,0,0,1,0,0,0,1,0,0,0,0,0,0,1,0,0,0,0
654,2013-04-27,0.1,1,0,0,0,0,0,1,0,0,1,0,0,0,0,0,0,1,0,0,0,0
655,2013-04-05,1.0,0,0,0,0,1,0,1,0,0,1,0,0,0,0,0,0,1,0,0,0,0
656,2013-12-05,0.3,0,0,1,0,0,0,1,0,0,1,0,1,0,0,0,0,0,0,0,0,0
657,2013-05-14,0.1,0,0,1,0,0,0,1,0,0,1,0,0,0,0,0,0,1,0,0,0,0
658,2013-05-23,10.0,0,0,0,0,1,0,1,0,0,1,0,1,0,0,0,0,0,0,0,0,0
659,2013-05-28,0.5,0,0,0,0,1,0,1,0,0,1,0,0,0,0,0,0,1,0,0,0,0
660,2013-03-06,30.0,0,0,0,0,1,0,1,0,0,1,0,0,0,0,0,0,1,0,0,0,0
661,2013-04-06,10.0,0,0,0,0,1,0,1,0,0,1,0,0,0,0,0,0,1,0,0,0,0
662,2013-06-06,0.0,0,0,1,0,0,0,1,0,1,0,0,1,0,0,0,0,0,0,0,0,0
663,2013-07-06,0.0,1,0,0,0,0,0,1,0,1,0,0,1,0,0,0,0,0,0,0,0,0
664,2013-10-06,1.0,0,0,1,0,0,1,0,0,0,1,0,0,0,0,0,0,1,0,0,0,0
665,2013-10-06,0.0,0,0,0,0,1,0,1,0,1,0,0,1,0,0,0,0,0,0,0,0,0
666,2013-06-18,0.0,0,1,0,0,0,0,1,0,1,0,0,1,0,0,0,0,0,0,0,0,0
668,2013-06-20,1.0,0,0,1,0,0,0,1,0,0,1,0,0,0,0,0,0,1,0,0,0,0
669,2013-06-20,0.0,0,0,1,0,0,0,1,0,0,1,0,1,0,0,0,0,0,0,0,0,0
670,2013-06-21,50.0,0,1,0,0,0,0,1,0,1,0,0,1,0,0,0,0,0,0,0,0,0
671,2013-06-30,0.0,1,0,0,0,0,1,0,0,1,0,0,1,0,0,0,0,0,0,0,0,0
672,2013-06-30,0.0,0,1,0,0,0,0,0,1,0,1,0,0,0,0,0,0,0,1,0,0,0
673,2013-01-07,20.0,0,0,1,0,0,0,0,1,0,1,0,1,0,0,0,0,0,0,0,0,0
674,2013-01-07,10.0,0,0,1,0,0,0,1,0,0,1,0,0,0,0,0,1,0,0,0,0,0
675,2013-06-07,0.0,0,0,1,0,0,1,0,0,0,1,0,0,0,0,0,0,0,0,0,1,0
676,2013-12-07,10.0,0,0,0,0,1,0,0,1,0,1,0,1,0,0,0,0,0,0,0,0,0
677,2013-07-20,0.0,0,0,1,0,0,0,1,0,0,1,0,0,0,0,0,0,0,0,0,0,1
678,2013-07-22,20.0,0,0,0,0,1,0,1,0,0,1,0,1,0,0,0,0,0,0,0,0,0
679,2013-07-23,0.0,0,0,0,1,0,0,1,0,1,0,0,0,0,0,0,0,0,0,0,1,0
680,2013-07-25,10.0,1,0,0,0,0,0,0,1,1,0,0,1,0,0,0,0,0,0,0,0,0
681,2013-07-26,0.0,1,0,0,0,0,0,1,0,0,1,0,0,0,0,0,0,0,0,0,1,0
682,2013-07-28,0.0,1,0,0,0,0,0,0,1,0,1,0,0,0,0,0,0,1,0,0,0,0
683,2013-07-29,3.0,0,0,0,0,1,0,1,0,1,0,0,0,0,0,0,1,0,0,0,0,0
684,2013-02-08,0.0,0,0,1,0,0,0,1,0,0,1,0,0,0,0,0,0,0,0,0,1,0
685,2013-04-08,10.0,0,1,0,0,0,0,0,1,0,1,0,1,0,0,0,0,0,0,0,0,0
686,2013-10-08,10.0,0,0,1,0,0,0,1,0,0,1,0,0,0,0,0,1,0,0,0,0,0
687,2013-08-09,20.0,0,1,0,0,0,1,0,0,0,1,0,1,0,0,0,0,0,0,0,0,0
688,2013-09-27,0.0,1,0,0,0,0,1,0,0,1,0,0,1,0,0,0,0,0,0,0,0,0
689,2013-09-27,0.0,0,0,1,0,0,0,1,0,1,0,0,1,0,0,0,0,0,0,0,0,0
690,2013-09-27,0.0,0,0,1,0,0,0,0,1,0,1,0,0,0,0,0,0,1,0,0,0,0
691,2013-03-10,14000.0,0,1,0,0,0,0,1,0,1,0,0,1,0,0,0,0,0,0,0,0,0
692,2013-11-10,0.0,1,0,0,0,0,0,0,1,1,0,0,0,0,0,0,0,0,0,0,1,0
693,2013-10-19,3.0,0,0,0,1,0,0,1,0,0,1,0,0,0,0,0,1,0,0,0,0,0
694,2013-10-23,50.0,0,0,1,0,0,0,1,0,0,1,0,0,0,0,0,1,0,0,0,0,0
695,2013-06-11,10.0,0,0,0,1,0,0,1,0,1,0,0,1,0,0,0,0,0,0,0,0,0
696,2013-09-11,40.0,0,0,1,0,0,0,1,0,0,1,0,1,0,0,0,0,0,0,0,0,0
697,2013-11-11,0.0,0,0,1,0,0,0,0,1,0,1,0,1,0,0,0,0,0,0,0,0,0
698,2013-12-11,10.0,0,1,0,0,0,0,1,0,0,1,0,0,0,0,0,0,1,0,0,0,0
699,2013-12-11,2.0,0,1,0,0,0,0,1,0,0,1,0,1,0,0,0,0,0,0,0,0,0
700,2013-11-13,0.0,0,0,1,0,0,0,1,0,0,1,0,1,0,0,0,0,0,0,0,0,0
701,2013-11-14,0.0,0,1,0,0,0,0,1,0,1,0,0,0,0,0,0,1,0,0,0,0,0
702,2013-11-15,10.0,0,1,0,0,0,0,0,1,0,1,0,1,0,0,0,0,0,0,0,0,0
703,2013-11-21,0.0,0,1,0,0,0,0,1,0,1,0,0,1,0,0,0,0,0,0,0,0,0
704,2013-11-25,2.0,0,0,0,0,1,0,1,0,0,1,0,1,0,0,0,0,0,0,0,0,0
705,2013-11-25,0.0,0,1,0,0,0,0,0,1,0,1,0,0,0,0,0,0,0,0,0,1,0
706,2013-03-12,300.0,0,0,0,1,0,0,1,0,1,0,0,1,0,0,0,0,0,0,0,0,0
707,2013-05-12,100.0,0,0,0,0,1,1,0,0,0,1,0,0,0,1,0,0,0,0,0,0,0
708,2013-09-12,5.0,0,0,0,1,0,0,1,0,1,0,0,0,0,0,0,0,1,0,0,0,0
709,2013-10-12,0.0,1,0,0,0,0,0,0,1,1,0,0,1,0,0,0,0,0,0,0,0,0
710,2014-08-01,0.0,0,1,0,0,0,1,0,0,0,1,0,1,0,0,0,0,0,0,0,0,0
711,2014-09-01,0.0,0,0,1,0,0,0,1,0,0,1,0,0,0,0,0,0,1,0,0,0,0
712,2014-01-16,0.0,0,1,0,0,0,0,0,1,0,1,0,1,0,0,0,0,0,0,0,0,0
713,2014-01-20,0.0,0,0,1,0,0,0,0,1,0,1,0,0,0,0,0,0,0,0,0,1,0
714,2014-01-21,0.0,0,0,1,0,0,0,0,1,0,1,0,0,0,0,0,0,0,0,0,1,0
715,2014-01-22,0.0,0,0,0,0,1,0,1,0,0,1,0,0,0,0,0,0,0,0,0,0,1
716,2014-01-24,0.0,1,0,0,0,0,1,0,0,0,1,0,0,0,0,0,0,1,0,0,0,0
717,2014-01-29,2000.0,1,0,0,0,0,0,1,0,1,0,0,1,0,0,0,0,0,0,0,0,0
718,2014-01-30,0.0,0,1,0,0,0,0,1,0,1,0,0,1,0,0,0,0,0,0,0,0,0
719,2014-05-02,10.0,0,1,0,0,0,0,1,0,0,1,0,0,0,0,0,0,1,0,0,0,0
720,2014-02-14,0.0,0,1,0,0,0,0,1,0,0,1,0,0,0,0,0,0,1,0,0,0,0
721,2014-02-18,0.0,0,1,0,0,0,0,0,1,0,1,0,0,0,0,0,0,1,0,0,0,0
722,2014-02-19,0.0,0,1,0,0,0,0,0,1,0,1,0,0,0,0,0,0,0,0,0,1,0
723,2014-05-03,20.0,0,0,1,0,0,0,1,0,0,1,0,1,0,0,0,0,0,0,0,0,0
724,2014-08-03,20.0,0,1,0,0,0,0,1,0,0,1,0,1,0,0,0,0,0,0,0,0,0
725,2014-11-03,0.0,0,1,0,0,0,1,0,0,0,1,0,1,0,0,0,0,0,0,0,0,0
726,2014-12-03,0.0,0,1,0,0,0,0,0,1,1,0,0,0,0,0,0,0,0,0,0,1,0
727,2014-03-14,0.0,0,1,0,0,0,0,1,0,1,0,0,0,0,0,0,0,1,0,0,0,0
728,2014-03-14,0.0,0,1,0,0,0,0,0,1,0,1,0,0,0,0,0,0,0,0,0,1,0
729,2014-03-31,0.0,1,0,0,0,0,0,1,0,1,0,0,0,0,0,0,1,0,0,0,0,0
730,2014-01-04,4.0,1,0,0,0,0,0,1,0,1,0,0,0,0,0,0,0,1,0,0,0,0
731,2014-04-04,0.0,0,0,0,0,1,0,0,1,0,1,0,0,0,0,0,0,1,0,0,0,0
732,2014-06-04,50.0,0,0,0,0,1,0,1,0,0,1,0,1,0,0,0,0,0,0,0,0,0
733,2014-04-22,20.0,1,0,0,0,0,0,1,0,0,1,0,1,0,0,0,0,0,0,0,0,0
734,2014-04-22,0.0,0,1,0,0,0,0,0,1,1,0,0,0,0,0,0,0,0,0,0,1,0
735,2014-04-23,0.0,0,1,0,0,0,0,0,1,0,1,0,0,0,0,0,0,0,0,0,1,0
736,2014-04-28,1.0,1,0,0,0,0,0,1,0,1,0,0,0,0,0,0,0,0,0,0,1,0
737,2014-04-05,250.0,0,1,0,0,0,0,1,0,1,0,0,0,0,0,0,1,0,0,0,0,0
738,2014-05-21,0.0,0,1,0,0,0,0,0,1,0,1,0,0,0,0,0,0,1,0,0,0,0
739,2014-05-23,0.0,0,0,0,1,0,0,1,0,0,1,0,0,0,0,0,0,1,0,0,0,0
740,2014-05-30,10.0,0,0,1,0,0,0,0,1,0,1,0,1,0,0,0,0,0,0,0,0,0
741,2014-02-06,10.0,1,0,0,0,0,0,0,1,0,1,0,0,0,0,0,1,0,0,0,0,0
742,2014-06-06,30.0,0,1,0,0,0,0,1,0,0,1,0,0,0,0,0,1,0,0,0,0,0
743,2014-10-06,1.0,0,0,1,0,0,1,0,0,0,1,0,0,0,0,0,1,0,0,0,0,0
745,2014-04-07,1.0,0,1,0,0,0,0,1,0,0,1,0,1,0,0,0,0,0,0,0,0,0
746,2014-08-07,20.0,0,1,0,0,0,0,0,1,0,1,0,1,0,0,0,0,0,0,0,0,0
747,2014-07-14,4.0,0,1,0,0,0,0,1,0,0,1,0,0,0,0,0,0,0,1,0,0,0
748,2014-07-16,0.0,0,0,1,0,0,0,1,0,1,0,0,1,0,0,0,0,0,0,0,0,0
749,2014-07-18,20.0,1,0,0,0,0,1,0,0,0,1,0,1,0,0,0,0,0,0,0,0,0
750,2014-07-18,100.0,1,0,0,0,0,0,0,1,1,0,0,0,0,0,0,1,0,0,0,0,0
751,2014-07-18,150.0,0,0,1,0,0,0,1,0,0,1,0,1,0,0,0,0,0,0,0,0,0
752,2014-07-22,10.0,0,1,0,0,0,0,1,0,0,1,0,0,0,0,0,1,0,0,0,0,0
753,2014-01-08,0.0,0,0,0,0,1,0,0,1,0,1,0,0,0,0,0,0,0,0,0,1,0
754,2014-08-16,0.0,0,0,1,0,0,0,0,1,0,1,0,1,0,0,0,0,0,0,0,0,0
755,2014-08-21,20.0,1,0,0,0,0,0,0,1,1,0,0,0,0,0,0,0,1,0,0,0,0
756,2014-08-22,0.0,0,0,1,0,0,0,0,1,0,1,0,1,0,0,0,0,0,0,0,0,0
757,2014-08-31,10.0,0,1,0,0,0,0,1,0,0,1,0,1,0,0,0,0,0,0,0,0,0
758,2014-04-09,0.0,0,0,1,0,0,0,1,0,0,1,0,1,0,0,0,0,0,0,0,0,0
759,2014-09-09,1.0,0,0,1,0,0,1,0,0,0,1,0,0,0,0,0,0,1,0,0,0,0
760,2014-09-15,1.0,0,0,0,1,0,0,1,0,0,1,0,1,0,0,0,0,0,0,0,0,0
761,2014-09-19,1.0,0,0,1,0,0,0,1,0,1,0,0,1,0,0,0,0,0,0,0,0,0
762,2014-09-21,1.0,0,1,0,0,0,0,1,0,1,0,0,1,0,0,0,0,0,0,0,0,0
763,2014-09-24,1.0,0,1,0,0,0,0,1,0,0,1,0,1,0,0,0,0,0,0,0,0,0
764,2014-09-26,25.0,0,0,1,0,0,0,1,0,0,1,0,0,0,0,0,1,0,0,0,0,0
765,2014-11-15,0.0,0,1,0,0,0,0,1,0,0,1,0,1,0,0,0,0,0,0,0,0,0
766,2014-11-15,0.0,0,0,0,1,0,0,1,0,1,0,0,0,0,0,0,0,1,0,0,0,0
767,2014-11-21,0.0,0,1,0,0,0,0,0,1,0,1,0,1,0,0,0,0,0,0,0,0,0
768,2014-11-23,0.0,1,0,0,0,0,0,1,0,1,0,0,1,0,0,0,0,0,0,0,0,0
769,2014-11-28,100.0,0,0,1,0,0,0,1,0,0,1,0,0,1,0,0,0,0,0,0,0,0
770,2015-07-01,0.0,0,1,0,0,0,0,1,0,0,1,0,1,0,0,0,0,0,0,0,0,0
771,2015-08-01,5.0,1,0,0,0,0,0,1,0,1,0,0,1,0,0,0,0,0,0,0,0,0
772,2015-01-24,0.0,0,0,1,0,0,0,0,1,1,0,0,0,0,0,0,0,1,0,0,0,0
773,2015-02-25,0.0,0,1,0,0,0,1,0,0,0,1,0,0,0,0,0,0,0,0,0,1,0
774,2015-11-03,0.0,1,0,0,0,0,0,0,1,1,0,0,0,0,0,0,0,0,0,0,1,0
775,2015-03-14,2.0,0,1,0,0,0,0,1,0,0,1,0,1,0,0,0,0,0,0,0,0,0
776,2015-03-15,0.0,0,1,0,0,0,1,0,0,0,1,0,1,0,0,0,0,0,0,0,0,0
777,2015-03-27,0.0,0,1,0,0,0,0,1,0,0,1,0,1,0,0,0,0,0,0,0,0,0
778,2015-03-27,0.0,1,0,0,0,0,0,1,0,1,0,0,0,0,0,0,0,0,0,0,1,0
779,2015-03-28,0.0,0,0,0,1,0,0,0,1,0,1,0,0,0,0,0,0,0,0,0,1,0
780,2015-03-30,0.0,0,1,0,0,0,0,0,1,0,1,0,1,0,0,0,0,0,0,0,0,0
781,2015-03-04,0.0,1,0,0,0,0,0,1,0,1,0,0,1,0,0,0,0,0,0,0,0,0
782,2015-04-24,0.0,0,0,0,0,1,0,1,0,0,1,0,1,0,0,0,0,0,0,0,0,0
783,2015-11-05,1000.0,1,0,0,0,0,1,0,0,0,1,0,1,0,0,0,0,0,0,0,0,0
784,2015-05-19,0.0,1,0,0,0,0,1,0,0,1,0,0,0,0,0,0,0,1,0,0,0,0
785,2015-08-06,0.0,0,0,1,0,0,0,0,1,0,1,0,1,0,0,0,0,0,0,0,0,0
786,2015-04-07,10.0,0,0,0,0,1,0,1,0,0,1,0,1,0,0,0,0,0,0,0,0,0
788,2015-07-17,10000.0,0,0,0,0,1,0,1,0,1,0,0,0,0,0,0,1,0,0,0,0,0
790,2015-07-24,0.0,0,1,0,0,0,0,0,1,0,1,0,0,0,0,0,0,1,0,0,0,0
791,2015-07-29,10.0,0,1,0,0,0,0,1,0,0,1,0,1,0,0,0,0,0,0,0,0,0
792,2015-07-31,0.0,0,0,1,0,0,0,1,0,0,1,0,0,0,0,0,0,0,0,0,1,0
793,2015-07-08,0.0,0,1,0,0,0,0,0,1,1,0,0,0,0,0,0,0,1,0,0,0,0
794,2015-08-14,2.0,0,0,0,1,0,0,1,0,0,1,0,0,0,0,0,0,1,0,0,0,0
795,2015-08-17,0.0,1,0,0,0,0,0,1,0,1,0,0,1,0,0,0,0,0,0,0,0,0
796,2015-08-20,0.0,1,0,0,0,0,0,0,1,1,0,0,0,0,0,0,0,0,0,0,1,0
797,2015-08-20,0.0,0,1,0,0,0,0,0,1,0,1,0,1,0,0,0,0,0,0,0,0,0
798,2015-08-20,1.0,0,0,1,0,0,0,1,0,0,1,0,0,0,0,0,1,0,0,0,0,0
799,2015-08-24,0.0,0,1,0,0,0,0,1,0,1,0,0,0,0,0,0,0,0,0,0,1,0
800,2015-08-25,1.0,1,0,0,0,0,1,0,0,1,0,0,1,0,0,0,0,0,0,0,0,0
801,2015-08-25,0.0,0,0,0,1,0,0,1,0,1,0,0,0,0,0,0,0,1,0,0,0,0
802,2015-09-22,20.0,0,0,0,0,1,0,0,1,0,1,0,0,0,0,0,1,0,0,0,0,0
803,2015-07-10,1.0,0,0,1,0,0,0,1,0,0,1,0,1,0,0,0,0,0,0,0,0,0
804,2015-07-10,0.0,0,0,0,0,1,1,0,0,0,1,0,0,0,0,0,0,0,0,0,1,0
805,2015-11-10,0.0,0,0,0,0,1,0,1,0,0,1,0,1,0,0,0,0,0,0,0,0,0
806,2015-04-11,0.0,0,1,0,0,0,0,1,0,0,1,0,1,0,0,0,0,0,0,0,0,0
807,2015-10-11,2.0,0,0,0,0,1,0,1,0,0,1,0,1,0,0,0,0,0,0,0,0,0
808,2015-11-28,50.0,0,1,0,0,0,0,0,1,0,1,0,1,0,0,0,0,0,0,0,0,0
809,2015-11-30,5.0,0,1,0,0,0,0,1,0,0,1,0,1,0,0,0,0,0,0,0,0,0
810,2015-03-12,15.0,1,0,0,0,0,0,1,0,1,0,0,0,0,0,0,0,1,0,0,0,0
811,2015-12-14,0.0,0,1,0,0,0,0,0,1,1,0,0,1,0,0,0,0,0,0,0,0,0
812,2015-12-17,600.0,0,0,0,0,1,0,1,0,0,1,0,1,0,0,0,0,0,0,0,0,0
813,2015-12-22,0.0,0,1,0,0,0,0,1,0,1,0,0,1,0,0,0,0,0,0,0,0,0
814,2015-12-31,200.0,1,0,0,0,0,0,1,0,1,0,0,1,0,0,0,0,0,0,0,0,0
816,2016-05-01,60.0,0,0,0,0,1,0,1,0,0,1,0,1,0,0,0,0,0,0,0,0,0
817,2016-09-01,0.0,0,0,0,1,0,0,1,0,1,0,0,0,0,0,0,0,0,0,0,1,0
818,2016-01-22,0.0,1,0,0,0,0,0,0,1,1,0,0,1,0,0,0,0,0,0,0,0,0
819,2016-02-02,100.0,1,0,0,0,0,1,0,0,1,0,0,1,0,0,0,0,0,0,0,0,0
820,2016-02-02,70.0,0,0,0,1,0,1,0,0,0,1,0,0,0,0,0,0,1,0,0,0,0
821,2016-02-16,0.0,1,0,0,0,0,0,0,1,1,0,0,1,0,0,0,0,0,0,0,0,0
822,2016-02-18,10.0,0,1,0,0,0,0,1,0,0,1,0,1,0,0,0,0,0,0,0,0,0
823,2016-02-26,0.0,0,0,1,0,0,0,0,1,0,1,0,0,0,0,0,0,1,0,0,0,0
824,2016-02-28,0.0,0,0,0,0,1,0,0,1,0,1,0,1,0,0,0,0,0,0,0,0,0
825,2016-04-04,11.0,0,0,1,0,0,1,0,0,0,1,0,1,0,0,0,0,0,0,0,0,0
826,2016-05-04,0.0,1,0,0,0,0,0,1,0,0,1,0,1,0,0,0,0,0,0,0,0,0
827,2016-05-04,0.0,0,0,0,0,1,1,0,0,0,1,0,0,0,0,0,0,1,0,0,0,0
828,2016-07-04,15.0,1,0,0,0,0,0,1,0,1,0,0,1,0,0,0,0,0,0,0,0,0
829,2016-07-04,20.0,0,1,0,0,0,0,0,1,0,1,0,1,0,0,0,0,0,0,0,0,0
830,2016-08-04,0.0,0,0,1,0,0,0,0,1,0,1,0,1,0,0,0,0,0,0,0,0,0
831,2016-04-20,0.0,1,0,0,0,0,0,1,0,1,0,0,0,0,0,0,1,0,0,0,0,0
832,2016-04-30,0.0,1,0,0,0,0,0,1,0,1,0,0,0,0,0,0,0,0,0,0,1,0
833,2016-03-05,100.0,0,0,0,0,1,0,1,0,0,1,0,1,0,0,0,0,0,0,0,0,0
834,2016-11-05,0.0,0,0,1,0,0,0,1,0,1,0,0,0,0,0,0,0,1,0,0,0,0
835,2016-11-05,0.0,0,0,1,0,0,0,1,0,0,1,0,1,0,0,0,0,0,0,0,0,0
836,2016-05-28,10.0,0,0,1,0,0,0,1,0,0,1,0,0,0,0,0,1,0,0,0,0,0
837,2016-05-29,0.0,0,0,0,0,1,0,1,0,0,1,0,1,0,0,0,0,0,0,0,0,0
838,2016-05-30,0.0,0,0,0,1,0,0,1,0,1,0,0,0,0,0,0,0,0,0,0,1,0
839,2016-04-06,0.0,1,0,0,0,0,0,1,0,1,0,0,1,0,0,0,0,0,0,0,0,0
840,2016-08-06,5.0,0,1,0,0,0,1,0,0,0,1,0,1,0,0,0,0,0,0,0,0,0
841,2016-08-06,0.0,0,0,0,0,1,0,1,0,0,1,0,0,1,0,0,0,0,0,0,0,0
842,2016-06-20,0.0,1,0,0,0,0,1,0,0,0,1,0,0,0,0,0,1,0,0,0,0,0
843,2016-06-22,0.0,0,1,0,0,0,0,1,0,0,1,0,0,0,0,0,0,0,0,0,1,0
844,2016-01-07,0.0,0,0,1,0,0,0,1,0,0,1,0,1,0,0,0,0,0,0,0,0,0
845,2016-02-07,100.0,1,0,0,0,0,0,1,0,1,0,0,1,0,0,0,0,0,0,0,0,0
846,2016-05-07,0.0,1,0,0,0,0,0,1,0,1,0,0,1,0,0,0,0,0,0,0,0,0
847,2016-07-07,20.0,0,1,0,0,0,0,0,1,0,1,0,1,0,0,0,0,0,0,0,0,0
848,2016-12-07,0.0,0,1,0,0,0,0,1,0,0,1,0,1,0,0,0,0,0,0,0,0,0
849,2016-07-13,0.0,0,0,1,0,0,0,0,1,0,1,0,0,0,0,0,0,0,0,0,1,0
850,2016-07-13,0.0,0,0,1,0,0,0,1,0,0,1,0,0,0,0,0,1,0,0,0,0,0
851,2016-07-15,0.0,1,0,0,0,0,0,1,0,1,0,0,0,0,0,0,0,1,0,0,0,0
852,2016-07-21,0.0,0,0,0,0,1,0,0,1,0,1,0,0,0,0,0,0,0,0,0,1,0
853,2016-07-23,15.0,0,1,0,0,0,0,1,0,0,1,0,0,0,0,0,0,1,0,0,0,0
854,2016-07-25,10.0,1,0,0,0,0,0,1,0,0,1,0,0,0,0,0,1,0,0,0,0,0
855,2016-01-08,0.0,0,1,0,0,0,0,1,0,0,1,0,0,0,0,0,1,0,0,0,0,0
856,2016-08-21,30.0,0,0,0,0,1,0,1,0,0,1,0,1,0,0,0,0,0,0,0,0,0
857,2016-08-22,0.0,0,0,1,0,0,0,0,1,0,1,0,0,0,0,0,0,0,0,0,1,0
858,2016-02-09,10.0,0,0,1,0,0,1,0,0,0,1,0,0,0,0,0,0,0,0,0,0,1
859,2016-09-09,20.0,0,1,0,0,0,0,0,1,0,1,0,1,0,0,0,0,0,0,0,0,0
860,2016-09-09,2.0,0,1,0,0,0,0,1,0,1,0,0,1,0,0,0,0,0,0,0,0,0
861,2016-10-09,0.0,0,0,1,0,0,0,0,1,0,1,0,1,0,0,0,0,0,0,0,0,0
862,2016-09-14,20.0,0,0,1,0,0,1,0,0,0,1,0,0,0,0,0,0,0,0,1,0,0
863,2016-09-20,0.0,0,1,0,0,0,0,0,1,0,1,0,0,0,0,0,0,0,1,0,0,0
864,2016-09-22,0.0,0,1,0,0,0,0,0,1,0,1,0,1,0,0,0,0,0,0,0,0,0
865,2016-04-10,0.0,0,1,0,0,0,0,1,0,0,1,0,0,0,0,0,0,0,0,0,1,0
866,2016-07-10,0.0,0,0,1,0,0,0,1,0,0,1,0,0,0,0,0,0,1,0,0,0,0
867,2016-09-10,0.0,0,0,0,0,1,0,0,1,1,0,0,1,0,0,0,0,0,0,0,0,0
868,2016-10-17,0.0,0,0,1,0,0,0,0,1,1,0,0,0,0,0,0,1,0,0,0,0,0
869,2016-10-18,5.0,0,0,1,0,0,0,1,0,0,1,0,0,0,0,0,1,0,0,0,0,0
870,2016-10-20,10.0,0,0,0,0,1,0,0,1,0,1,0,1,0,0,0,0,0,0,0,0,0
871,2016-10-21,0.0,0,1,0,0,0,0,1,0,0,1,0,0,0,0,0,0,0,0,0,1,0
872,2016-10-22,0.0,0,1,0,0,0,0,1,0,0,1,0,0,0,0,0,0,0,0,0,1,0
873,2016-10-27,0.0,0,0,1,0,0,0,1,0,0,1,0,1,0,0,0,0,0,0,0,0,0
874,2016-05-11,20.0,0,1,0,0,0,0,1,0,0,1,0,1,0,0,0,0,0,0,0,0,0
875,2016-10-11,0.0,1,0,0,0,0,0,0,1,0,1,0,1,0,0,0,0,0,0,0,0,0
876,2016-11-16,5.0,1,0,0,0,0,0,1,0,0,1,0,0,0,0,0,0,1,0,0,0,0
877,2016-11-24,0.0,1,0,0,0,0,0,0,1,1,0,0,0,0,0,0,0,1,0,0,0,0
878,2016-11-25,0.0,0,0,1,0,0,0,1,0,0,1,0,0,0,0,0,1,0,0,0,0,0
879,2016-12-17,0.0,1,0,0,0,0,0,1,0,1,0,0,0,0,0,0,0,1,0,0,0,0
880,2016-12-20,10.0,0,1,0,0,0,0,1,0,0,1,0,1,0,0,0,0,0,0,0,0,0
881,2016-12-23,0.0,1,0,0,0,0,0,0,1,0,1,0,1,0,0,0,0,0,0,0,0,0
882,2016-12-25,600.0,0,1,0,0,0,0,1,0,1,0,0,1,0,0,0,0,0,0,0,0,0
883,2016-12-27,5.0,0,0,0,0,1,0,1,0,0,1,0,0,0,0,0,1,0,0,0,0,0
884,2017-02-01,5.0,1,0,0,0,0,0,0,1,1,0,0,0,0,0,0,1,0,0,0,0,0
885,2017-05-01,1.5,0,1,0,0,0,0,1,0,0,1,0,0,0,0,0,1,0,0,0,0,0
886,2017-09-01,0.0,1,0,0,0,0,0,0,1,1,0,0,1,0,0,0,0,0,0,0,0,0
887,2017-01-27,100.0,0,1,0,0,0,0,1,0,1,0,0,1,0,0,0,0,0,0,0,0,0
888,2017-01-31,8.0,0,0,0,1,0,0,1,0,1,0,0,0,0,0,0,1,0,0,0,0,0
889,2017-09-02,0.0,1,0,0,0,0,0,1,0,0,1,0,0,0,0,0,1,0,0,0,0,0
890,2017-10-02,15.0,0,0,0,0,1,0,1,0,0,1,0,1,0,0,0,0,0,0,0,0,0
891,2017-02-13,0.0,1,0,0,0,0,0,0,1,0,1,0,1,0,0,0,0,0,0,0,0,0
892,2017-02-14,0.0,0,0,0,0,1,0,1,0,0,1,0,0,0,0,0,0,0,0,0,0,1
893,2017-02-18,0.0,1,0,0,0,0,0,0,1,0,1,0,1,0,0,0,0,0,0,0,0,0
894,2017-02-18,1.0,0,0,0,0,1,0,1,0,0,1,0,0,0,0,0,1,0,0,0,0,0
895,2017-02-21,3.0,0,0,0,1,0,0,1,0,0,1,0,0,0,0,0,1,0,0,0,0,0
896,2017-02-22,0.0,0,0,1,0,0,0,0,1,0,1,0,0,0,0,0,0,1,0,0,0,0
897,2017-02-25,0.0,0,0,0,0,1,0,0,1,0,1,0,0,0,0,0,0,0,0,0,1,0
898,2017-10-03,40.0,0,0,0,1,0,0,1,0,0,1,0,1,0,0,0,0,0,0,0,0,0
899,2017-03-14,0.0,1,0,0,0,0,1,0,0,1,0,0,0,0,0,0,0,0,0,0,1,0
900,2017-03-17,0.0,0,0,0,0,1,0,0,1,0,1,0,0,0,0,0,0,0,0,0,1,0
901,2017-03-18,500.0,1,0,0,0,0,0,1,0,0,1,0,0,0,1,0,0,0,0,0,0,0
902,2017-03-21,2.0,0,1,0,0,0,0,1,0,0,1,0,1,0,0,0,0,0,0,0,0,0
903,2017-03-24,0.0,0,0,0,0,1,0,0,1,0,1,0,0,0,0,0,0,0,0,0,1,0
904,2017-03-26,300.0,0,1,0,0,0,0,1,0,0,1,0,1,0,0,0,0,0,0,0,0,0
905,2017-03-27,0.0,0,1,0,0,0,0,1,0,0,1,0,0,0,0,0,0,0,1,0,0,0
907,2017-05-16,1.0,0,1,0,0,0,0,1,0,0,1,0,0,0,0,0,1,0,0,0,0,0
908,2017-05-17,1.0,0,0,0,0,1,0,1,0,0,1,0,1,0,0,0,0,0,0,0,0,0
909,2017-05-17,0.0,0,0,1,0,0,0,0,1,0,1,0,0,0,0,0,0,0,0,0,1,0
910,2017-05-26,0.0,0,0,0,1,0,0,1,0,0,1,0,0,0,0,0,1,0,0,0,0,0
911,2017-06-21,0.5,0,1,0,0,0,0,1,0,0,1,0,1,0,0,0,0,0,0,0,0,0
912,2017-06-26,0.0,0,0,1,0,0,0,1,0,0,1,0,1,0,0,0,0,0,0,0,0,0
913,2017-06-29,40.0,0,1,0,0,0,0,1,0,0,1,0,0,0,0,0,0,1,0,0,0,0
914,2018-04-07,2.0,1,0,0,0,0,1,0,0,1,0,0,0,0,0,0,1,0,0,0,0,0
915,2018-09-07,3.5,0,1,0,0,0,0,0,1,0,1,0,0,0,0,0,1,0,0,0,0,0
916,2018-07-13,0.0,0,0,0,0,1,0,0,1,0,1,0,0,0,0,0,0,0,0,0,1,0
917,2018-07-21,15.0,0,0,0,1,0,0,1,0,1,0,0,0,0,0,0,1,0,0,0,0,0
918,2018-07-31,1.0,1,0,0,0,0,0,1,0,0,1,0,0,0,0,0,1,0,0,0,0,0
919,2018-08-13,0.0,0,1,0,0,0,0,0,1,1,0,0,1,0,0,0,0,0,0,0,0,0
920,2018-09-09,200.0,0,1,0,0,0,1,0,0,0,1,0,1,0,0,0,0,0,0,0,0,0
921,2018-11-09,0.0,0,0,1,0,0,0,1,0,0,1,0,0,0,0,0,0,1,0,0,0,0
922,2018-09-13,0.0,0,0,1,0,0,0,0,1,0,1,0,0,0,0,0,0,1,0,0,0,0
923,2018-09-17,35.0,0,1,0,0,0,0,1,0,0,1,0,1,0,0,0,0,0,0,0,0,0
924,2018-10-19,1.0,0,0,1,0,0,0,1,0,0,1,0,0,0,0,0,1,0,0,0,0,0
925,2018-11-15,0.0,1,0,0,0,0,0,0,1,0,1,0,0,0,0,0,0,0,0,0,1,0
926,2018-11-25,20.0,1,0,0,0,0,0,1,0,0,1,0,0,0,0,0,1,0,0,0,0,0
927,2018-08-12,0.0,0,0,1,0,0,0,0,1,0,1,0,0,0,0,0,0,1,0,0,0,0
928,2019-08-01,0.0,1,0,0,0,0,0,1,0,1,0,0,1,0,0,0,0,0,0,0,0,0
929,2019-01-14,0.0,0,0,0,1,0,1,0,0,1,0,0,0,0,0,0,1,0,0,0,0,0
930,2019-01-14,200.0,1,0,0,0,0,0,1,0,0,1,0,0,0,0,0,1,0,0,0,0,0
931,2019-01-17,0.0,0,1,0,0,0,0,0,1,1,0,0,0,0,0,0,1,0,0,0,0,0
932,2019-04-02,0.0,0,0,1,0,0,0,1,0,0,1,0,0,0,0,0,1,0,0,0,0,0
933,2019-06-02,0.0,0,0,0,1,0,0,1,0,0,1,0,0,0,0,0,0,0,0,0,1,0
934,2019-09-02,0.0,0,0,0,0,1,0,1,0,0,1,0,0,0,0,0,0,0,0,0,1,0
935,2019-02-13,0.0,0,1,0,0,0,0,0,1,0,1,0,0,0,0,0,0,0,0,0,1,0
936,2019-02-27,0.0,1,0,0,0,0,0,1,0,1,0,0,1,0,0,0,0,0,0,0,0,0
937,2019-01-03,10.0,0,0,0,0,1,1,0,0,0,1,0,1,0,0,0,0,0,0,0,0,0
938,2019-03-15,0.0,0,0,1,0,0,1,0,0,1,0,0,0,0,0,0,0,0,0,0,1,0
939,2019-03-16,20.0,1,0,0,0,0,0,1,0,0,1,0,0,0,0,0,1,0,0,0,0,0
940,2019-03-16,0.0,1,0,0,0,0,0,1,0,0,1,0,1,0,0,0,0,0,0,0,0,0
941,2019-03-21,30.0,0,1,0,0,0,0,1,0,0,1,0,0,0,0,0,1,0,0,0,0,0
942,2019-03-27,400.0,0,1,0,0,0,0,1,0,1,0,0,1,0,0,0,0,0,0,0,0,0
943,2019-03-29,0.0,0,0,1,0,0,0,1,0,0,1,0,1,0,0,0,0,0,0,0,0,0
944,2019-04-23,2.0,1,0,0,0,0,0,1,0,0,1,0,1,0,0,0,0,0,0,0,0,0
945,2019-04-29,0.0,0,1,0,0,0,0,1,0,0,1,0,0,0,0,0,1,0,0,0,0,0
946,2019-04-29,17.5,0,1,0,0,0,0,1,0,0,1,0,0,0,0,0,0,1,0,0,0,0
947,2019-04-30,200.0,0,1,0,0,0,0,1,0,0,1,0,0,0,0,0,1,0,0,0,0,0
948,2019-05-14,0.0,0,0,1,0,0,0,1,0,1,0,0,0,0,0,0,0,1,0,0,0,0
949,2019-05-17,0.5,1,0,0,0,0,0,1,0,1,0,0,1,0,0,0,0,0,0,0,0,0
950,2019-05-24,0.0,0,1,0,0,0,0,1,0,0,1,0,0,0,0,0,1,0,0,0,0,0
951,2019-05-26,0.0,0,1,0,0,0,0,0,1,0,1,0,0,0,0,0,0,0,0,0,1,0
952,2019-05-27,0.0,0,0,1,0,0,0,0,1,0,1,0,0,0,0,0,0,1,0,0,0,0
953,2019-05-29,4.0,0,1,0,0,0,0,1,0,1,0,0,1,0,0,0,0,0,0,0,0,0
954,2019-05-28,0.0,1,0,0,0,0,0,1,0,1,0,0,1,0,0,0,0,0,0,0,0,0
956,2019-01-06,0.0,0,0,1,0,0,0,1,0,0,1,0,0,0,0,0,0,0,0,0,1,0
957,2019-06-06,0.0,0,0,1,0,0,0,1,0,0,1,0,0,0,0,0,0,0,0,0,1,0
958,2019-06-13,0.0,0,0,1,0,0,0,1,0,1,0,0,0,0,0,0,0,0,0,0,1,0
960,2019-01-07,50.0,1,0,0,0,0,0,1,0,1,0,0,1,0,0,0,0,0,0,0,0,0
961,2019-01-07,0.0,1,0,0,0,0,0,1,0,1,0,0,0,0,0,0,0,1,0,0,0,0
962,2019-08-07,0.0,1,0,0,0,0,0,1,0,0,1,0,0,0,0,0,1,0,0,0,0,0
963,2019-07-16,50.0,0,1,0,0,0,0,1,0,0,1,0,0,0,0,0,0,1,0,0,0,0
964,2019-07-19,1200.0,0,0,1,0,0,0,1,0,0,1,0,1,0,0,0,0,0,0,0,0,0
965,2019-05-08,3.5,0,1,0,0,0,0,1,0,0,1,0,1,0,0,0,0,0,0,0,0,0
966,2019-07-08,1000.0,0,1,0,0,0,0,1,0,0,1,0,1,0,0,0,0,0,0,0,0,0
967,2019-08-08,20.0,1,0,0,0,0,0,1,0,0,1,0,0,0,0,0,0,1,0,0,0,0
968,2019-07-08,10.0,0,1,0,0,0,0,1,0,0,1,0,1,0,0,0,0,0,0,0,0,0
969,2019-11-08,100.0,0,0,1,0,0,1,0,0,0,1,0,1,0,0,0,0,0,0,0,0,0
970,2019-08-17,65.0,0,0,1,0,0,0,0,1,0,1,0,1,0,0,0,0,0,0,0,0,0
971,2019-08-19,5.0,1,0,0,0,0,0,1,0,1,0,0,1,0,0,0,0,0,0,0,0,0
972,2019-08-25,0.0,0,0,1,0,0,0,1,0,0,1,0,0,0,0,0,0,1,0,0,0,0
973,2019-08-27,0.0,1,0,0,0,0,0,1,0,1,0,0,1,0,0,0,0,0,0,0,0,0
974,2019-08-28,10.0,0,1,0,0,0,0,1,0,1,0,0,0,0,0,0,0,1,0,0,0,0
975,2019-10-09,0.0,0,0,1,0,0,0,1,0,1,0,0,1,0,0,0,0,0,0,0,0,0
976,2019-09-14,0.0,0,1,0,0,0,0,1,0,0,1,0,0,0,0,0,0,1,0,0,0,0
977,2019-09-18,0.5,1,0,0,0,0,0,1,0,1,0,0,0,0,0,0,0,1,0,0,0,0
978,2019-09-19,0.0,0,0,1,0,0,0,1,0,0,1,0,0,0,0,0,0,0,0,0,1,0
979,2019-04-10,3.0,0,0,1,0,0,0,0,1,1,0,0,0,0,0,0,0,1,0,0,0,0
980,2019-09-10,32.0,0,0,0,1,0,0,1,0,1,0,0,1,0,0,0,0,0,0,0,0,0
981,2019-12-10,0.0,1,0,0,0,0,0,0,1,0,1,0,1,0,0,0,0,0,0,0,0,0
982,2019-10-15,5.0,0,0,0,0,1,0,0,1,0,1,0,0,0,0,0,0,0,0,0,1,0
984,2019-10-31,0.0,1,0,0,0,0,0,1,0,1,0,0,1,0,0,0,0,0,0,0,0,0
985,2019-04-11,0.0,0,0,0,0,1,1,0,0,0,1,0,0,0,0,0,0,1,0,0,0,0
986,2019-03-11,5.0,1,0,0,0,0,0,0,1,0,1,0,0,0,0,0,0,0,0,0,1,0
987,2019-11-15,1300.0,0,1,0,0,0,0,1,0,1,0,0,0,0,0,0,0,1,0,0,0,0
988,2019-11-17,0.0,0,1,0,0,0,0,1,0,0,1,0,0,0,0,0,0,0,0,0,1,0
989,2019-11-18,0.0,1,0,0,0,0,0,0,1,1,0,0,0,0,0,0,0,1,0,0,0,0
990,2019-11-20,0.0,0,0,0,0,1,0,0,1,0,1,0,1,0,0,0,0,0,0,0,0,0
991,2019-11-21,0.0,1,0,0,0,0,0,1,0,1,0,0,1,0,0,0,0,0,0,0,0,0
992,2019-11-23,0.0,0,0,0,0,1,0,0,1,1,0,0,0,0,0,0,0,0,0,0,1,0
993,2019-11-25,0.0,1,0,0,0,0,0,0,1,1,0,0,0,0,0,0,0,1,0,0,0,0
994,2019-11-28,200.0,1,0,0,0,0,1,0,0,0,1,0,0,0,0,0,0,1,0,0,0,0
995,2019-02-12,0.0,0,0,1,0,0,0,1,0,0,1,0,0,0,0,0,0,1,0,0,0,0
996,2019-07-12,10.0,0,0,1,0,0,0,1,0,0,1,0,1,0,0,0,0,0,0,0,0,0
998,2019-09-12,30.0,0,1,0,0,0,0,1,0,0,1,0,0,0,0,0,0,1,0,0,0,0
999,2019-11-12,0.0,1,0,0,0,0,0,1,0,0,1,0,0,0,0,0,0,1,0,0,0,0
1000,2019-12-12,1.0,0,1,0,0,0,1,0,0,0,1,0,1,0,0,0,0,0,0,0,0,0
1001,2019-12-14,1500.0,1,0,0,0,0,0,1,0,0,1,0,1,0,0,0,0,0,0,0,0,0
1002,2019-12-16,0.0,0,1,0,0,0,0,1,0,0,1,0,0,0,0,0,0,1,0,0,0,0
1003,2020-05-01,0.0,1,0,0,0,0,0,1,0,0,1,0,1,0,0,0,0,0,0,0,0,0
1004,2020-07-01,0.0,0,0,0,0,1,0,0,1,0,1,0,1,0,0,0,0,0,0,0,0,0
1005,2020-08-01,0.0,0,0,0,1,0,0,1,0,0,1,0,0,0,0,0,0,1,0,0,0,0
1006,2020-09-01,0.0,0,1,0,0,0,0,1,0,0,1,0,0,0,0,0,0,1,0,0,0,0
1007,2020-01-16,0.0,1,0,0,0,0,0,0,1,0,1,0,0,0,0,0,0,0,0,0,1,0
1008,2020-01-17,40.0,0,0,0,1,0,1,0,0,0,1,0,0,0,0,0,0,1,0,0,0,0
1009,2020-01-23,2.0,0,1,0,0,0,0,1,0,0,1,0,1,0,0,0,0,0,0,0,0,0
1010,2020-01-29,0.0,1,0,0,0,0,0,1,0,1,0,0,1,0,0,0,0,0,0,0,0,0
1011,2020-01-29,300.0,1,0,0,0,0,0,0,1,1,0,0,0,0,0,0,0,1,0,0,0,0
1012,2020-12-02,0.0,0,0,1,0,0,0,0,1,0,1,0,0,0,0,0,0,0,0,0,1,0
1013,2020-02-13,0.0,1,0,0,0,0,0,1,0,0,1,0,0,0,0,0,0,0,0,0,1,0
1014,2020-02-14,0.0,1,0,0,0,0,0,1,0,0,1,0,0,0,0,0,0,0,0,0,1,0
1015,2020-02-15,10.0,0,1,0,0,0,0,1,0,0,1,0,0,0,0,0,0,0,0,0,1,0
1016,2020-02-24,0.0,1,0,0,0,0,0,0,1,0,1,0,0,0,0,0,0,0,0,0,1,0
1017,2020-03-03,0.0,1,0,0,0,0,0,1,0,0,1,0,0,0,0,0,0,1,0,0,0,0
1018,2020-05-03,1.0,0,0,0,1,0,0,1,0,0,1,0,1,0,0,0,0,0,0,0,0,0
1019,2020-06-03,0.0,0,0,1,0,0,0,1,0,0,1,0,0,0,0,0,0,0,0,0,1,0
1020,2020-05-03,0.0,1,0,0,0,0,0,0,1,1,0,0,0,0,0,0,0,1,0,0,0,0
1021,2020-03-15,0.0,0,0,1,0,0,0,1,0,1,0,0,0,0,0,0,0,1,0,0,0,0
1022,2020-03-16,0.0,1,0,0,0,0,0,0,1,0,1,0,0,0,0,0,0,0,0,0,1,0
1023,2020-03-19,0.0,0,1,0,0,0,0,0,1,0,1,0,1,0,0,0,0,0,0,0,0,0
1024,2020-03-29,2.0,0,0,1,0,0,0,1,0,0,1,0,0,0,0,0,1,0,0,0,0,0
1025,2020-10-04,0.0,1,0,0,0,0,0,1,0,0,1,0,1,0,0,0,0,0,0,0,0,0
1026,2020-04-14,1.0,0,0,1,0,0,0,1,0,0,1,0,1,0,0,0,0,0,0,0,0,0
1027,2020-04-16,80.0,0,1,0,0,0,0,1,0,1,0,0,1,0,0,0,0,0,0,0,0,0
1028,2020-04-21,0.5,1,0,0,0,0,0,1,0,0,1,0,0,0,0,0,1,0,0,0,0,0
1029,2020-04-26,0.0,0,1,0,0,0,0,1,0,0,1,0,1,0,0,0,0,0,0,0,0,0
1030,2020-04-28,0.0,1,0,0,0,0,0,1,0,0,1,0,0,0,0,0,0,1,0,0,0,0
1031,2020-02-05,0.0,0,0,1,0,0,0,1,0,0,1,0,0,0,0,0,0,1,0,0,0,0
1032,2020-05-15,10.0,0,0,1,0,0,0,1,0,0,1,0,0,0,0,0,1,0,0,0,0,0
1033,2020-05-20,0.0,1,0,0,0,0,0,0,1,0,1,0,1,0,0,0,0,0,0,0,0,0
1034,2020-05-21,0.0,0,0,1,0,0,0,1,0,0,1,0,0,0,0,0,1,0,0,0,0,0
1035,2020-05-29,5.0,1,0,0,0,0,0,1,0,0,1,0,0,0,0,0,0,1,0,0,0,0
1036,2020-06-01,1.0,0,0,1,0,0,0,0,1,0,1,0,0,0,0,0,0,1,0,0,0,0
1037,2020-06-01,0.0,0,0,1,0,0,0,0,1,0,1,0,1,0,0,0,0,0,0,0,0,0
1038,2020-06-02,200.0,1,0,0,0,0,0,1,0,0,1,0,1,0,0,0,0,0,0,0,0,0
1039,2020-06-02,0.0,0,0,1,0,0,0,1,0,0,1,0,0,0,0,0,0,1,0,0,0,0
1040,2020-06-03,35.0,1,0,0,0,0,0,1,0,0,1,0,0,0,0,0,0,1,0,0,0,0
1041,2020-06-12,5.0,1,0,0,0,0,0,1,0,0,1,0,1,0,0,0,0,0,0,0,0,0
1042,2020-06-13,0.0,0,0,1,0,0,0,0,1,1,0,0,0,0,0,0,0,1,0,0,0,0
1043,2020-06-13,75.0,0,1,0,0,0,0,1,0,1,0,0,0,0,0,0,0,1,0,0,0,0
1044,2020-06-15,90.0,0,0,1,0,0,0,1,0,0,1,0,0,0,0,0,0,1,0,0,0,0
1045,2020-06-16,100.0,0,0,0,0,1,0,1,0,0,1,0,0,0,0,0,0,0,0,1,0,0
1046,2020-06-16,0.0,1,0,0,0,0,0,1,0,0,1,0,0,0,0,0,1,0,0,0,0,0
1047,2020-06-23,5.5,0,1,0,0,0,0,0,1,0,1,0,1,0,0,0,0,0,0,0,0,0
1048,2020-06-29,3.5,0,1,0,0,0,1,0,0,0,1,0,1,0,0,0,0,0,0,0,0,0
1049,2017-07-05,0.0,0,0,0,0,1,0,0,1,0,1,0,1,0,0,0,0,0,0,0,0,0
1050,2017-07-07,0.0,1,0,0,0,0,0,1,0,0,1,0,0,0,0,0,1,0,0,0,0,0
1051,2017-09-03,0.3,1,0,0,0,0,0,1,0,0,1,0,0,0,0,0,1,0,0,0,0,0
1052,2017-09-06,50.0,0,0,0,0,1,1,0,0,0,1,0,0,0,0,0,0,1,0,0,0,0
1053,2017-09-14,0.0,0,0,1,0,0,0,1,0,0,1,0,1,0,0,0,0,0,0,0,0,0
1054,2017-09-24,0.0,0,0,1,0,0,1,0,0,0,1,0,0,0,0,0,0,1,0,0,0,0
1055,2017-10-04,4.0,0,0,1,0,0,0,1,0,0,1,0,0,0,0,0,1,0,0,0,0,0
1056,2017-10-11,0.0,1,0,0,0,0,0,0,1,0,1,0,0,0,0,0,0,0,0,1,0,0
1057,2017-10-11,0.0,1,0,0,0,0,0,1,0,0,1,0,1,0,0,0,0,0,0,0,0,0
1058,2017-10-15,20.0,0,0,1,0,0,0,1,0,0,1,0,1,0,0,0,0,0,0,0,0,0
1059,2017-10-20,10.0,1,0,0,0,0,0,1,0,1,0,0,1,0,0,0,0,0,0,0,0,0
1060,2017-10-21,2.0,0,1,0,0,0,0,1,0,0,1,0,1,0,0,0,0,0,0,0,0,0
1061,2017-10-25,2.0,0,1,0,0,0,0,1,0,0,1,0,0,0,0,0,1,0,0,0,0,0
1072,2017-12-03,1.0,1,0,0,0,0,0,0,1,0,1,0,0,0,0,0,1,0,0,0,0,0
1073,2017-12-05,50.0,0,0,0,1,0,0,0,1,1,0,0,1,0,0,0,0,0,0,0,0,0
1074,2017-12-21,200.0,0,0,1,0,0,0,0,1,1,0,0,1,0,0,0,0,0,0,0,0,0
1075,2017-12-27,0.0,0,0,0,0,1,0,0,1,1,0,0,0,0,0,0,0,1,0,0,0,0
1076,2018-01-18,0.5,1,0,0,0,0,0,0,1,1,0,0,1,0,0,0,0,0,0,0,0,0
1077,2018-01-23,1.0,0,0,0,0,1,0,0,1,0,1,0,0,0,0,0,0,0,0,0,1,0
1078,2018-02-05,1.0,1,0,0,0,0,0,0,1,1,0,0,1,0,0,0,0,0,0,0,0,0
1079,2018-02-08,1.0,0,1,0,0,0,0,0,1,1,0,0,0,0,0,0,0,0,0,0,1,0
1080,2018-03-21,100.0,0,1,0,0,0,0,1,0,0,1,0,1,0,0,0,0,0,0,0,0,0
1081,2018-03-24,0.0,0,0,1,0,0,1,0,0,0,1,0,0,0,0,0,0,0,0,0,1,0
1082,2018-03-28,20.0,1,0,0,0,0,0,1,0,1,0,0,0,0,0,0,0,0,0,0,1,0
1083,2018-04-15,0.0,1,0,0,0,0,0,0,1,0,1,0,0,0,0,0,0,1,0,0,0,0
1084,2018-04-15,10.0,1,0,0,0,0,0,0,1,1,0,0,1,0,0,0,0,0,0,0,0,0
1085,2018-04-20,0.5,1,0,0,0,0,0,1,0,0,1,0,0,0,0,0,0,0,0,0,0,1
1086,2018-04-23,0.5,0,0,0,0,1,0,0,1,0,1,0,1,0,0,0,0,0,0,0,0,0
1087,2018-05-02,20.0,0,0,1,0,0,0,0,1,1,0,0,1,0,0,0,0,0,0,0,0,0
1088,2018-05-07,0.0,0,0,1,0,0,0,0,1,1,0,0,0,0,0,0,0,0,0,0,1,0
1089,2018-05-08,10.0,0,1,0,0,0,0,1,0,0,1,0,1,0,0,0,0,0,0,0,0,0
1090,2018-05-13,2.0,1,0,0,0,0,0,0,1,0,1,0,0,0,0,0,0,0,0,0,0,1
1091,2018-05-17,1.5,1,0,0,0,0,0,0,1,1,0,0,0,0,0,0,0,0,0,0,1,0
1092,2018-05-25,1.5,1,0,0,0,0,0,0,1,1,0,0,0,0,0,0,0,0,0,0,1,0
1093,2018-05-28,30.0,0,0,0,0,1,0,1,0,0,1,0,0,0,0,0,1,0,0,0,0,0
1094,2018-06-02,2.5,0,0,0,1,0,0,0,1,1,0,0,0,0,0,0,0,0,0,0,1,0
1095,2018-06-03,4.0,1,0,0,0,0,0,0,1,0,1,0,0,0,0,0,0,0,0,0,1,0
1096,2018-06-13,12.0,0,0,1,0,0,0,0,1,0,1,0,0,0,0,0,0,0,0,0,1,0
1097,2018-06-28,2.0,0,0,0,0,1,0,0,1,0,1,0,0,0,0,0,1,0,0,0,0,0
