CREATE DATABASE  IF NOT EXISTS `project2` /*!40100 DEFAULT CHARACTER SET utf8mb4 COLLATE utf8mb4_0900_ai_ci */ /*!80016 DEFAULT ENCRYPTION='N' */;
USE `project2`;
-- MySQL dump 10.13  Distrib 8.0.27, for Win64 (x86_64)
--
-- Host: 127.0.0.1    Database: project2
-- ------------------------------------------------------
-- Server version	8.0.27

/*!40101 SET @OLD_CHARACTER_SET_CLIENT=@@CHARACTER_SET_CLIENT */;
/*!40101 SET @OLD_CHARACTER_SET_RESULTS=@@CHARACTER_SET_RESULTS */;
/*!40101 SET @OLD_COLLATION_CONNECTION=@@COLLATION_CONNECTION */;
/*!50503 SET NAMES utf8 */;
/*!40103 SET @OLD_TIME_ZONE=@@TIME_ZONE */;
/*!40103 SET TIME_ZONE='+00:00' */;
/*!40014 SET @OLD_UNIQUE_CHECKS=@@UNIQUE_CHECKS, UNIQUE_CHECKS=0 */;
/*!40014 SET @OLD_FOREIGN_KEY_CHECKS=@@FOREIGN_KEY_CHECKS, FOREIGN_KEY_CHECKS=0 */;
/*!40101 SET @OLD_SQL_MODE=@@SQL_MODE, SQL_MODE='NO_AUTO_VALUE_ON_ZERO' */;
/*!40111 SET @OLD_SQL_NOTES=@@SQL_NOTES, SQL_NOTES=0 */;

--
-- Table structure for table `comaprison`
--

DROP TABLE IF EXISTS `comaprison`;
/*!40101 SET @saved_cs_client     = @@character_set_client */;
/*!50503 SET character_set_client = utf8mb4 */;
CREATE TABLE `comaprison` (
  `Country_ID` varchar(255) NOT NULL,
  `CO2 2018` text,
  `Country` varchar(255),
  `Primary energy/ capita` float,
  `count(project)` bigint DEFAULT '0'
) ENGINE=InnoDB DEFAULT CHARSET=utf8mb4 COLLATE=utf8mb4_0900_ai_ci;
/*!40101 SET character_set_client = @saved_cs_client */;

--
-- Dumping data for table `comaprison`
--

LOCK TABLES `comaprison` WRITE;
/*!40000 ALTER TABLE `comaprison` DISABLE KEYS */;
INSERT INTO `comaprison` VALUES ('Brazil','2.041874199',NULL,49.9,NULL),('China','7.405211347',NULL,59.6,NULL),('Germany','8.558389812','Germany',113.6,6),('Spain','5.5203504','Spain',113.6,20),('USA','15.24087458',NULL,216.8,2);
/*!40000 ALTER TABLE `comaprison` ENABLE KEYS */;
UNLOCK TABLES;

--
-- Table structure for table `country`
--

DROP TABLE IF EXISTS `country`;
/*!40101 SET @saved_cs_client     = @@character_set_client */;
/*!50503 SET character_set_client = utf8mb4 */;
CREATE TABLE `country` (
  `Country_ID` varchar(255) NOT NULL,
  `Population 2020` int DEFAULT NULL,
  `GDP 2020` text,
  `School Enrollement` text,
  `CO2 2018` float DEFAULT NULL,
  `Life expectancy` int DEFAULT NULL,
  `IncomeGroup` text,
  `Poverty gap at 1.9$ a day` text,
  `reg_ID` text,
  `CO2_norm` float DEFAULT NULL,
  PRIMARY KEY (`Country_ID`)
) ENGINE=InnoDB DEFAULT CHARSET=utf8mb4 COLLATE=utf8mb4_0900_ai_ci;
/*!40101 SET character_set_client = @saved_cs_client */;

--
-- Dumping data for table `country`
--

LOCK TABLES `country` WRITE;
/*!40000 ALTER TABLE `country` DISABLE KEYS */;
INSERT INTO `country` VALUES ('Afghanistan',38928341,'19807067268','',0.200151,65,'Low income','','ME',0.00537156),('Africa Eastern and Southern',677243299,'9.01E+11','',0.933541,64,'','','',0.0280144),('Africa Western and Central',458803476,'7.87E+11','',0.515544,58,'','','',0.0151091),('Albania',2837743,'14799615097','100.1519165',1.93973,79,'Upper middle income','','EU',0.0590798),('Algeria',43851043,'1.45E+11','111.2811508',3.59166,77,'Lower middle income','','AF',0.110082),('Angola',32866268,'62306913444','',0.88738,61,'Lower middle income','','AF',0.0265893),('Antigua and Barbuda',97928,'1415059259','',5.50466,77,'High income','','AP',0.169145),('Arab World',436080728,'2.47E+12','',4.43872,72,'','','',0.136234),('Argentina',45376763,'3.83E+11','',3.98723,77,'Upper middle income','0.5','SA',0.122295),('Armenia',2963234,'12645459214','91.23544312',1.88025,75,'Upper middle income','0.1','ME',0.0572433),('Aruba',106766,'','',NULL,76,'High income','','SA',NULL),('Australia',25687041,'1.33E+12','',15.4755,83,'High income','','AP',0.476987),('Austria',8917205,'4.31E+11','',7.14664,82,'High income','','EU',0.219839),('Azerbaijan',10110116,'42607176471','95.80747223',3.2214,73,'Upper middle income','','EU',0.0986505),('Bahamas, The',393248,'11250000000','',5.86046,74,'High income','','SA',0.18013),('Bahrain',1701583,'','',19.593,77,'High income','','AF',0.604111),('Bangladesh',164689383,'3.24E+11','119.5564499',0.512837,73,'Lower middle income','','AP',0.0150255),('Barbados',287371,'4365500000','99.65300751',4.36087,79,'High income','','SA',0.133831),('Belarus',9398861,'60258239056','',6.25402,74,'Upper middle income','0','EU',0.19228),('Belgium',11555997,'5.15E+11','',8.17971,82,'High income','','EU',0.251735),('Belize',397621,'1763696119','107.6850967',1.77513,75,'Lower middle income','','AF',0.0539978),('Benin',12123198,'15651545209','114.1510925',0.688722,62,'Lower middle income','','AF',0.0204558),('Bermuda',63903,'','',NULL,82,'High income','','AS',NULL),('Bhutan',771612,'2409262838','105.8116913',1.82928,72,'Lower middle income','','AF',0.0556697),('Bolivia',11673029,'36688861203','',2.00033,72,'Lower middle income','1','SA',0.0609507),('Bosnia and Herzegovina',3280815,'19788422248','',6.78113,77,'Upper middle income','','EU',0.208555),('Botswana',2351625,'15781732826','',3.64231,70,'Upper middle income','','AF',0.111646),('Brazil',212559409,'1.44E+12','',2.04187,76,'Upper middle income','1.7','SA',0.0622334),('Brunei Darussalam',437483,'12016056665','98.31387329',16.6449,76,'High income','','SA',0.513091),('Bulgaria',6927288,'69105101090','',5.85477,75,'Upper middle income','','EU',0.179954),('Burkina Faso',20903278,'17369059295','92.62789154',0.216186,62,'Low income','','AF',0.00586664),('Burundi',11890781,'3258187233','',0.0527946,62,'Low income','','AF',0.000822039),('Cabo Verde',555988,'1703698677','',1.1402,73,'Lower middle income','','SA',0.0343949),('Cambodia',16718971,'25291251427','105.3519974',0.686778,70,'Lower middle income','','',0.0203958),('Cameroon',26545864,'39802147568','',0.341843,59,'Lower middle income','','AF',0.00974619),('Canada',38005238,'1.64E+12','',15.497,82,'High income','','NA',0.477651),('Caribbean small states',7442291,'68415253068','',5.01703,74,'','','SA',0.154089),('Central African Republic',4829764,'2303078338','',0.0707187,53,'Low income','','AF',0.00137543),('Central Europe and the Baltics',102246330,'1.65E+12','',6.59723,77,'','','EU',0.202877),('Chad',16425859,'10093118570','',0.0691316,54,'','','',0.00132643),('Channel Islands',173859,'','',NULL,83,'High income','','AF',NULL),('Chile',19116209,'2.53E+11','',4.62487,80,'High income','','SA',0.141982),('China',1402112000,'1.47E+13','103.1739578',7.40521,77,'Upper middle income','','AP',0.227823),('Colombia',50882884,'2.71E+11','',1.60065,77,'Upper middle income','1.9','SA',0.048611),('Comoros',869595,'1219690025','',0.312379,64,'Lower middle income','','SA',0.00883652),('Congo, Dem. Rep.',89561404,'49868970641','',0.0261693,61,'Low income','','AF',-0.00000000000535845),('Congo, Rep.',5518092,'10884686143','',0.613993,65,'Lower middle income','','AF',0.0181486),('Costa Rica',5094114,'61520669890','115.0053177',1.65218,80,'Upper middle income','0.4','SA',0.050202),('Cote d\'Ivoire',26378275,'61348579465','100.4579315',0.395305,58,'Lower middle income','','AP',0.0113968),('Croatia',4047200,'55966581780','',4.05593,78,'High income','','',0.124416),('Cuba',11326616,'','103.1725616',2.2023,79,'Upper middle income','','SA',0.0671864),('Cyprus',1207361,'23804340377','',6.0794,81,'High income','','EU',0.186889),('Czech Republic',10698896,'2.45E+11','',9.64071,79,'High income','','EU',0.296842),('Denmark',5831404,'3.56E+11','',5.76149,81,'High income','','EU',0.177074),('Djibouti',988002,'3384404260','73.84848785',0.51099,67,'Lower middle income','','AF',0.0149685),('Dominican Republic',10847904,'78844702329','105.7213516',2.36376,74,'Upper middle income','0.2','SA',0.0721713),('East Asia & Pacific (excluding high income)',2105003391,'1.74E+13','',5.7204,75,'','','AP',0.175805),('East Asia & Pacific (IDA & IBRD countries)',2079198305,'1.74E+13','',5.78278,75,'','','',0.177731),('Ecuador',17643060,'98808010000','99.02365875',2.31381,77,'Upper middle income','1.1','SA',0.0706293),('Egypt, Arab Rep.',102334403,'3.63E+11','',2.50204,72,'Lower middle income','','AF',0.0764408),('El Salvador',6486201,'24638720000','',1.06063,73,'High income','0.2','',0.0319381),('Equatorial Guinea',1402985,'10021856754','',5.09562,59,'Upper middle income','','',0.156516),('Estonia',1331057,'30650285472','',12.1031,78,'High income','','EU',0.372866),('Eswatini',1160164,'3962493093','',0.959276,60,'High income','','',0.028809),('Ethiopia',114963583,'1.08E+11','119.402977',0.149051,67,'Low income','','AF',0.00379388),('Euro area',342949773,'1.30E+13','',6.45484,82,'','','EU',0.19848),('Europe & Central Asia',923489941,'2.21E+13','',6.69011,78,'','0.3','EU',0.205744),('Europe & Central Asia (excluding high income)',420249459,'3.22E+12','',7.07331,74,'','','EU',0.217575),('Europe & Central Asia (IDA & IBRD countries)',462247461,'3.87E+12','',7.14175,74,'Low income','','',0.219688),('European Union',447794691,'1.53E+13','',6.42404,81,'','','EU',0.19753),('Faroe Islands',48865,'','',NULL,83,'High income','','EU',NULL),('Fiji',896444,'4376014756','',2.15056,67,'Upper middle income','','SA',0.0655891),('Finland',5530719,'2.70E+11','',8.04275,82,'High income','','EU',0.247506),('Fragile and conflict affected situations',930006546,'1.50E+12','',0.868445,62,'','','AF',0.0260046),('France',67391582,'2.63E+12','',4.61924,83,'High income','','EU',0.141808),('French Polynesia',280904,'','',NULL,78,'High income','','',NULL),('Gabon',2225728,'15593181271','',2.17527,66,'Upper middle income','','AF',0.066352),('Gambia, The',2416664,'1901930158','103.5262299',0.24999,62,'Low income','','',0.0069103),('Georgia',3714000,'15891688903','99.41728973',2.53854,74,'Upper middle income','0.8','',0.0775677),('Germany',83240525,'3.85E+12','',8.55839,81,'High income','','EU',0.263426),('Ghana',31072945,'72354428865','103.4420013',0.541201,64,'Lower middle income','','',0.0159012),('Greece',10715549,'1.89E+11','',6.08318,82,'High income','','',0.187006),('Grenada',112519,'1089203704','',2.69181,72,'Upper middle income','','',0.0822998),('Guam',168783,'','',NULL,80,'High income','','',NULL),('Guatemala',16858333,'77604632171','100.6103668',1.11397,74,'Upper middle income','','',0.033585),('Guinea',13132792,'15681050917','100.7853699',0.251323,62,'Low income','','',0.00695146),('Guinea-Bissau',1967998,'1431758243','',0.165395,58,'Low income','','',0.00429848),('Guyana',786559,'5471256595','',3.13219,70,'Upper middle income','','',0.0958962),('Haiti',11402533,'13417997065','',0.299375,64,'Lower middle income','','',0.00843502),('Heavily indebted poor countries (HIPC)',823480038,'8.04E+11','',0.271688,63,'','','',0.0075802),('High income',1214930230,'5.34E+13','',10.2545,81,'','0.4','',0.315793),('Honduras',9904608,'23827840810','90.22942352',1.01903,75,'Lower middle income','5','',0.0306539),('Hong Kong SAR, China',7481800,'3.47E+11','107.832077',NULL,85,'High income','','AP',NULL),('Hungary',9749763,'1.55E+11','',4.74551,76,'High income','','',0.145706),('Iceland',366425,'21718075725','',6.23722,83,'High income','','',0.191762),('IDA blend',574159138,'9.56E+11','',0.920387,62,'','','',0.0276083),('IDA only',1134444535,'1.28E+12','',0.375495,66,'','','',0.0107852),('IDA total',1708603673,'2.23E+12','',0.560235,65,'','10.3','',0.0164889),('India',1380004385,'2.62E+12','99.90045929',1.79983,70,'Lower middle income','','',0.0547603),('Indonesia',273523621,'1.06E+12','',2.17846,72,'Lower middle income','0.3','',0.0664505),('Iran, Islamic Rep.',83992953,'1.92E+11','',7.69301,77,'Upper middle income','','',0.236708),('Iraq',40222503,'1.67E+11','',4.8952,71,'High income','','',0.150328),('Ireland',4994724,'4.26E+11','',7.62433,82,'Lower middle income','','',0.234588),('Israel',9216900,'4.02E+11','',6.9764,83,'High income','','',0.214583),('Italy',59554023,'1.89E+12','',5.37637,83,'Upper middle income','','',0.165184),('Jamaica',2961161,'13812421803','',2.89963,74,'Upper middle income','','',0.0887161),('Japan',125836021,'4.98E+12','',8.74226,84,'Upper middle income','','',0.269103),('Jordan',10203140,'43697659275','80.35447693',2.4786,75,'High income','','',0.0757169),('Kazakhstan',18754440,'1.70E+11','100.3210983',12.062,73,'Lower middle income','','',0.371597),('Kenya',53771300,'98842939649','',0.358028,67,'Lower middle income','','',0.0102459),('Kiribati',119446,'199573326','108.0237122',0.690596,68,'High income','','',0.0205137),('Korea, Dem. People\'s Rep.',25778815,'','',0.709209,72,'High income','','',0.0210883),('Korea, Rep.',51780579,'1.63E+12','',12.2246,83,'High income','','',0.376617),('Kosovo',1775378,'7611402165','',NULL,72,'Low income','','',NULL),('Kuwait',4270563,'','87.28292847',21.6227,75,'','','',0.666778),('Kyrgyz Republic',6591600,'7735976613','102.6354065',1.73974,72,'Lower middle income','0.1','',0.0529051),('Lao PDR',7275556,'19136194849','98.81124878',2.66091,68,'Upper middle income','','',0.0813456),('Latin America & Caribbean',652276325,'4.70E+12','',2.63736,76,'','1.3','',0.0806187),('Latin America & Caribbean (excluding high income)',595242966,'4.01E+12','',2.41394,76,'Lower middle income','','',0.0737207),('Latin America & the Caribbean (IDA & IBRD countries)',636492840,'4.47E+12','',2.61446,76,'Lower middle income','','',0.0799117),('Latvia',1901548,'33505185229','',3.95917,75,'High income','','',0.121428),('Least developed countries: UN classification',1057438163,'1.13E+12','',0.33539,65,'','','',0.00954695),('Lebanon',6825442,'33383246858','',4.03971,79,'Low income','','',0.123915),('Lesotho',2142252,'1844510138','',1.21898,54,'','','',0.036827),('Liberia',5057677,'2950000000','',0.273917,64,'Upper middle income','','',0.00764903),('Libya',6871287,'25418461532','',8.82525,73,'Upper middle income','','',0.271665),('Liechtenstein',38137,'','',3.69218,83,'Lower middle income','','',0.113185),('Lithuania',2794700,'55887271833','',4.13701,76,'High income','','',0.126919),('Low income',665149035,'4.58E+11','',0.236734,64,'High income','','',0.00650102),('Luxembourg',632275,'73263982103','',15.3302,82,'High income','','',0.472501),('Macao SAR, China',649342,'','99.25473022',NULL,84,'High income','','',NULL),('Madagascar',27691019,'13720634105','',0.128321,67,'Upper middle income','','',0.00315385),('Malawi',19129955,'11961848553','',0.0865337,64,'Upper middle income','','',0.00186371),('Malaysia',32365998,'3.37E+11','',7.60022,76,'','','',0.233843),('Maldives',540542,'4030203167','',3.70368,79,'','','',0.11354),('Mali',20250834,'17393761397','',0.294584,59,'High income','','',0.00828711),('Malta',525285,'14647384608','',3.19832,83,'Lower middle income','','',0.0979377),('Mauritania',4649660,'7778525643','',0.908407,65,'Upper middle income','','',0.0272384),('Mauritius',1265740,'10914065306','',3.26404,74,'Low income','','',0.0999669),('Mexico',128932753,'1.08E+12','',3.74148,75,'Upper middle income','','',0.114707),('Micronesia, Fed. Sts.',115021,'','89.99858856',1.59801,68,'Lower middle income','','AP',0.0485295),('Middle East & North Africa',464554123,'3.04E+12','',5.63866,74,'Upper middle income','','',0.173281),('Middle East & North Africa (excluding high income)',396147843,'1.17E+12','',3.84104,74,'Upper middle income','','',0.117781),('Middle East & North Africa (IDA & IBRD countries)',391344574,'1.15E+12','',3.86135,74,'Upper middle income','','',0.118408),('Moldova',2617820,'11914040905','106.2516174',3.17183,72,'Low income','','',0.09712),('Mongolia',3278292,'13137128659','',6.7251,70,'High income','','',0.206825),('Montenegro',621718,'4778582336','101.6628723',4.04997,77,'Lower middle income','','',0.124232),('Morocco',36910558,'1.13E+11','115.1526718',1.85073,77,'High income','','',0.0563319),('Mozambique',31255435,'14021421106','118.419632',0.225115,61,'Lower middle income','','',0.00614231),('Myanmar',54409794,'76185586097','',0.605493,67,'','','',0.0178862),('Namibia',2540916,'10699926683','',1.7359,64,'High income','','',0.0527866),('Nepal',29136808,'33657175561','',0.428179,71,'High income','','',0.0124118),('Netherlands',17441139,'9.14E+11','',8.77282,82,'High income','','',0.270047),('New Caledonia',271960,'','',NULL,78,'Low income','','',NULL),('New Zealand',5084300,'2.11E+11','',6.57266,82,'','','',0.202118),('Nicaragua',6624554,'12621476264','',0.805815,74,'High income','','',0.024071),('Niger',24206636,'13678234008','',0.102037,62,'Lower middle income','','',0.00234236),('Nigeria',206139587,'4.32E+11','',0.66711,55,'Lower middle income','','',0.0197886),('North America',367553264,'2.26E+13','',15.2709,79,'Upper middle income','','',0.470669),('North Macedonia',2083380,'12266949805','',3.53824,76,'Low income','','',0.108433),('Norway',5379475,'3.63E+11','',7.03136,83,'Lower middle income','','',0.21628),('OECD members',1370858752,'5.22E+13','',8.83526,80,'High income','','',0.271974),('Oman',5106622,'','104.5211411',15.1921,78,'','','',0.468238),('Other small states',31941786,'3.77E+11','',6.40668,69,'Lower middle income','','',0.196994),('Pacific island small states',2528958,'9170736596','',1.5395,70,'','','',0.0467231),('Pakistan',220892331,'2.64E+11','',0.98182,67,'Upper middle income','','',0.029505),('Panama',4314768,'52938100000','93.23812866',2.42766,79,'Upper middle income','0.4','',0.0741442),('Papua New Guinea',8947027,'23591523025','',0.866804,65,'High income','','',0.025954),('Paraguay',7132530,'35304238230','84.61205292',1.21045,74,'Lower middle income','0.2','',0.0365639),('Peru',32971846,'2.02E+11','120.9846115',1.69682,77,'Lower middle income','0.5','',0.0515801),('Philippines',109581085,'3.61E+11','',1.33369,71,'High income','','',0.0403688),('Poland',37950802,'5.94E+11','',8.23547,78,'','','',0.253456),('Portugal',10305564,'2.31E+11','',4.84061,81,'Upper middle income','','',0.148642),('Post-demographic dividend',1115116448,'4.94E+13','',9.85359,81,'High income','','',0.303414),('Pre-demographic dividend',970795671,'1.30E+12','',0.557926,61,'High income','','',0.0164176),('Puerto Rico',3194034,'1.03E+11','',NULL,80,'Low income','','',NULL),('Qatar',2881060,'1.46E+11','103.9196625',32.4156,80,'Upper middle income','','',1),('Romania',19286123,'2.49E+11','',3.84513,75,'Upper middle income','','',0.117908),('Russian Federation',144104080,'1.48E+12','',11.1266,73,'Low income','','',0.342718),('Rwanda',12952209,'10333991892','',0.0877908,69,'','','',0.00190252),('Samoa',198410,'807027244.4','117.853302',1.63159,73,'Upper middle income','','',0.0495661),('Sao Tome and Principe',219161,'472914469.9','',0.663406,70,'Upper middle income','','',0.0196742),('Saudi Arabia',34813867,'7.00E+11','100.2194672',15.2688,75,'Low income','','',0.470604),('Senegal',16743930,'24910904236','83.00920868',0.621912,68,'High income','','',0.0183931),('Serbia',6908224,'52960134079','97.70584869',6.52192,76,'','','',0.200552),('Seychelles',98462,'1124937500','100.7949982',6.40747,74,'Low income','','',0.197018),('Sierra Leone',7976985,'3865018883','141.3253174',0.133331,55,'Lower middle income','','',0.00330853),('Singapore',5685807,'3.40E+11','',8.39913,83,'Lower middle income','','',0.258509),('Slovak Republic',5458827,'1.05E+11','',6.05864,77,'High income','','',0.186248),('Slovenia',2100126,'53589609581','',6.7747,81,'High income','','',0.208356),('Small states',41913035,'4.55E+11','',5.85985,70,'Lower middle income','','',0.18011),('Solomon Islands',686878,'1551245526','',0.566741,73,'Low income','','',0.0166897),('Somalia',15893219,'4917607582','',0.0459748,57,'Upper middle income','','',0.000611481),('South Africa',59308690,'3.02E+11','',7.49664,64,'Lower middle income','','',0.230645),('South Asia',1856882402,'3.35E+12','',1.52665,70,'High income','','',0.0463263),('South Asia (IDA & IBRD)',1856882402,'3.35E+12','',1.52665,70,'','','',0.0463263),('South Sudan',11193729,'','',0.12573,58,'','','',0.00307386),('Spain',47351567,'1.28E+12','',5.52035,83,'High income','','EU',0.169629),('Sri Lanka',21919000,'80706600229','',0.998154,77,'','','',0.0300093),('St. Lucia',183629,'1703364241','101.0907211',2.14415,76,'','','',0.0653912),('St. Martin (French part)',38659,'','',NULL,80,'Lower middle income','','',NULL),('St. Vincent and the Grenadines',110947,'809681481.5','',2.5406,73,'','','',0.0776313),('Sub-Saharan Africa',1136046775,'1.69E+12','',0.763618,62,'','','',0.0227682),('Sub-Saharan Africa (excluding high income)',1135948313,'1.69E+12','',0.763113,62,'Low income','','',0.0227526),('Sub-Saharan Africa (IDA & IBRD countries)',1136046775,'1.69E+12','',0.763618,62,'High income','','',0.0227682),('Sudan',43849269,'26110829190','',0.483236,65,'Lower middle income','','',0.0141116),('Suriname',586634,'3807922874','',3.61119,72,'High income','','',0.110685),('Sweden',10353442,'5.41E+11','',3.53801,83,'Lower middle income','','',0.108425),('Switzerland',8636896,'7.52E+11','',4.40199,84,'High income','','EU',0.1351),('Syrian Arab Republic',17500657,'','',1.64709,73,'High income','','',0.0500447),('Tajikistan',9537642,'8194150302','',0.80542,71,'Upper middle income','','',0.0240588),('Tanzania',59734213,'62409748427','96.91294098',0.205635,65,'Low income','','',0.00554087),('Thailand',69799978,'5.02E+11','102.2251205',3.71404,77,'Lower middle income','0','',0.11386),('Timor-Leste',1318442,'1821000000','',0.504742,69,'','','',0.0147756),('Togo',8278737,'7574635241','126.2729874',0.286471,61,'Upper middle income','','',0.00803664),('Tonga',105697,'','114.8784332',1.8411,71,'','','',0.0560348),('Trinidad and Tobago',1399491,'21529824769','',12.7784,74,'Lower middle income','','',0.393717),('Tunisia',11818618,'39235672868','113.4487381',2.59226,77,'Upper middle income','','',0.0792261),('Turkey',84339067,'7.20E+11','',5.01542,78,'Upper middle income','0','',0.154039),('Turkmenistan',6031187,'','116.9930115',12.2596,68,'','','',0.3777),('Uganda',45741000,'37372032558','',0.143462,63,'Lower middle income','','',0.00362133),('Ukraine',44134693,'1.56E+11','',4.15418,72,'','0','',0.127449),('United Arab Emirates',9890400,'','115.3516769',20.7975,78,'High income','','ME',0.6413),('United Kingdom',67215293,'2.71E+12','',5.39871,81,'High income','','EU',0.165873),('Uruguay',3473727,'53628827440','',1.89024,78,'High income','0','',0.057552),('USA',329484123,'2.09E+13','',15.2409,79,'Lower middle income','','NA',0.469743),('Uzbekistan',34232050,'57707189945','100.0650635',3.40119,72,'Upper middle income','','',0.104201),('Vanuatu',307150,'854793640.1','121.9137802',0.615017,70,'','','',0.0181802),('Venezuela, RB',28435943,'','',4.78275,72,'High income','','',0.146856),('Vietnam',97338583,'2.71E+11','117.1571732',2.69881,75,'Lower middle income','','',0.0825157),('Virgin Islands (U.S.)',106290,'','',NULL,80,'Lower middle income','','',NULL),('West Bank and Gaza',4803269,'15561300000','96.42719269',NULL,74,'','','',NULL),('Yemen, Rep.',29825968,'','',0.326682,66,'Upper middle income','','',0.0092781),('Zambia',18383956,'19320053859','',0.446065,64,'Lower middle income','','',0.012964),('Zimbabwe',14862927,'16768513443','97.30490875',0.849793,61,'','13.4','',0.0254288);
/*!40000 ALTER TABLE `country` ENABLE KEYS */;
UNLOCK TABLES;

--
-- Table structure for table `kyoto protocol`
--

DROP TABLE IF EXISTS `kyoto protocol`;
/*!40101 SET @saved_cs_client     = @@character_set_client */;
/*!50503 SET character_set_client = utf8mb4 */;
CREATE TABLE `kyoto protocol` (
  `﻿` int DEFAULT NULL,
  `Country` varchar(255) NOT NULL,
  `Kyoto target 2008–2012` text,
  `Kyoto target 2013–2020` text,
  `GHG emissions 2008–2012 including LULUCF` text,
  `GHGemissions 2008–2012 excluding LULUCF` text,
  PRIMARY KEY (`Country`)
) ENGINE=InnoDB DEFAULT CHARSET=utf8mb4 COLLATE=utf8mb4_0900_ai_ci;
/*!40101 SET character_set_client = @saved_cs_client */;

--
-- Dumping data for table `kyoto protocol`
--

LOCK TABLES `kyoto protocol` WRITE;
/*!40000 ALTER TABLE `kyoto protocol` DISABLE KEYS */;
INSERT INTO `kyoto protocol` VALUES (0,'Australia','+8','−0.5','+3.2','+30.3'),(1,'Austria','−13','−20','+3.2','+4.9'),(2,'Belgium','−8','−20','−13.9','−14.0'),(3,'Bulgaria','−8','−20','−53.4','−52.8'),(4,'Canada (withdrew)','−6',NULL,'+18.5','+18.5'),(5,'Croatia','−5','−20','−10.8','−7.5'),(6,'Czech Republic','−8','−20','−30.6','−30.0'),(7,'Denmark','−21','−20','−17.3','−14.8'),(8,'Estonia','−8','−20','−54.2','−55.3'),(9,'Finland','0','−20','−5.5','−4.7'),(10,'France','0','−20','−10.5','−10.0'),(11,'Germany','−21','−20','−24.3','−23.6'),(12,'Greece','+25','−20','+11.5','+11.9'),(13,'Hungary','−6','−20','−43.7','−41.8'),(14,'Iceland','+10','−20','+10.2','+19.4'),(15,'Ireland','+13','−20','+11.0','+5.1'),(16,'Italy','−6','−20','−7.0','−4.0'),(17,'Japan','−6',NULL,'−2.5','+1.4'),(18,'Latvia','−8','−20','−61.2','−56.4'),(19,'Liechtenstein','−8','−16','+4.1','+2.4'),(20,'Lithuania','−8','−20','−57.9','−55.6'),(21,'Luxembourg','−28','−20','−9.3','−8.7'),(22,'Monaco','−8','−22','−12.5','−12.5'),(23,'Netherlands','−6','−20','−6.2','−6.4'),(24,'New Zealand','0',NULL,'−2.7','+20.4'),(25,'Norway','+1','−16','+4.6','+7.5'),(26,'Poland','−6','−20','−29.7','−28.8'),(27,'Portugal','+27','−20','+5.5','+22.4'),(28,'Romania','−8','−20','−57.0','−55.7'),(29,'Russia','0',NULL,'−36.3','−32.7'),(30,'Slovakia','−8','−20','−37.2','−36.8'),(31,'Slovenia','−8','−20','−9.7','−3.2'),(32,'Spain','+15','−20','+20.0','+23.7'),(33,'Sweden','+4','−20','−18.2','−15.3'),(34,'Switzerland','−8','−15.8','−3.9','−0.8'),(35,'Ukraine','0','−24','−57.1','−56.6'),(36,'United Kingdom','−13','−20','−23.0','−22.6'),(37,'United States (did not ratify)','−7',NULL,'+9.5','+9.5');
/*!40000 ALTER TABLE `kyoto protocol` ENABLE KEYS */;
UNLOCK TABLES;

--
-- Table structure for table `points`
--

DROP TABLE IF EXISTS `points`;
/*!40101 SET @saved_cs_client     = @@character_set_client */;
/*!50503 SET character_set_client = utf8mb4 */;
CREATE TABLE `points` (
  `Country_ID` varchar(255) NOT NULL,
  `CO2 emissions` float DEFAULT NULL,
  `Emissions_Points` int NOT NULL DEFAULT '0',
  `Kyoto_norm` int NOT NULL DEFAULT '0',
  `Energy_cons/cap` float DEFAULT NULL,
  `Consumption_Points` int NOT NULL DEFAULT '0',
  `Num project` bigint NOT NULL DEFAULT '0',
  `Project_Points` int NOT NULL DEFAULT '0'
) ENGINE=InnoDB DEFAULT CHARSET=utf8mb4 COLLATE=utf8mb4_0900_ai_ci;
/*!40101 SET character_set_client = @saved_cs_client */;

--
-- Dumping data for table `points`
--

LOCK TABLES `points` WRITE;
/*!40000 ALTER TABLE `points` DISABLE KEYS */;
INSERT INTO `points` VALUES ('Afghanistan',0.00537156,3,0,1,0,0,0),('Africa Eastern and Southern',0.0280144,3,0,NULL,0,0,0),('Africa Western and Central',0.0151091,3,0,NULL,0,0,0),('Albania',0.0590798,3,0,0.361101,2,0,0),('Algeria',0.110082,3,0,-0.00000000138164,3,0,0),('Angola',0.0265893,3,0,-0.00000000138164,3,0,0),('Antigua and Barbuda',0.169145,3,0,0.16552,3,0,0),('Arab World',0.136234,3,0,NULL,0,0,0),('Argentina',0.122295,3,0,0.130388,3,0,0),('Armenia',0.0572433,3,0,1,0,0,0),('Aruba',NULL,0,0,0.130388,3,0,0),('Australia',0.476987,2,1,0.16552,3,1,1),('Austria',0.219839,3,1,0.361101,2,5,1),('Azerbaijan',0.0986505,3,0,0.361101,2,0,0),('Bahamas, The',0.18013,3,0,0.130388,3,0,0),('Bahrain',0.604111,1,0,-0.00000000138164,3,0,0),('Bangladesh',0.0150255,3,0,0.16552,3,0,0),('Barbados',0.133831,3,0,0.130388,3,0,0),('Belarus',0.19228,3,0,0.361101,2,0,0),('Belgium',0.251735,2,1,0.361101,2,8,2),('Belize',0.0539978,3,0,-0.00000000138164,3,0,0),('Benin',0.0204558,3,0,-0.00000000138164,3,0,0),('Bermuda',NULL,0,0,NULL,0,0,0),('Bhutan',0.0556697,3,0,-0.00000000138164,3,0,0),('Bolivia',0.0609507,3,0,0.130388,3,0,0),('Bosnia and Herzegovina',0.208555,3,0,0.361101,2,0,0),('Botswana',0.111646,3,0,-0.00000000138164,3,0,0),('Brazil',0.0622334,3,0,0.130388,3,0,0),('Brunei Darussalam',0.513091,1,0,0.130388,3,0,0),('Bulgaria',0.179954,3,1,0.361101,2,0,0),('Burkina Faso',0.00586664,3,0,-0.00000000138164,3,0,0),('Burundi',0.000822039,3,0,-0.00000000138164,3,0,0),('Cabo Verde',0.0343949,3,0,0.130388,3,0,0),('Cambodia',0.0203958,3,0,NULL,0,0,0),('Cameroon',0.00974619,3,0,-0.00000000138164,3,0,0),('Canada',0.477651,2,0,0.734879,1,0,0),('Caribbean small states',0.154089,3,0,0.130388,3,0,0),('Central African Republic',0.00137543,3,0,-0.00000000138164,3,0,0),('Central Europe and the Baltics',0.202877,3,0,0.361101,2,0,0),('Chad',0.00132643,3,0,NULL,0,0,0),('Channel Islands',NULL,0,0,-0.00000000138164,3,0,0),('Chile',0.141982,3,0,0.130388,3,0,0),('China',0.227823,3,0,0.16552,3,0,0),('Colombia',0.048611,3,0,0.130388,3,0,0),('Comoros',0.00883652,3,0,0.130388,3,0,0),('Congo, Dem. Rep.',-0.00000000000535845,3,0,-0.00000000138164,3,0,0),('Congo, Rep.',0.0181486,3,0,-0.00000000138164,3,0,0),('Costa Rica',0.050202,3,0,0.130388,3,0,0),('Cote d\'Ivoire',0.0113968,3,0,0.16552,3,0,0),('Croatia',0.124416,3,1,NULL,0,0,0),('Cuba',0.0671864,3,0,0.130388,3,0,0),('Cyprus',0.186889,3,0,0.361101,2,0,0),('Czech Republic',0.296842,2,1,0.361101,2,1,1),('Denmark',0.177074,3,1,0.361101,2,0,0),('Djibouti',0.0149685,3,0,-0.00000000138164,3,0,0),('Dominican Republic',0.0721713,3,0,0.130388,3,0,0),('East Asia & Pacific (excluding high income)',0.175805,3,0,0.16552,3,0,0),('East Asia & Pacific (IDA & IBRD countries)',0.177731,3,0,NULL,0,0,0),('Ecuador',0.0706293,3,0,0.130388,3,0,0),('Egypt, Arab Rep.',0.0764408,3,0,-0.00000000138164,3,0,0),('El Salvador',0.0319381,3,0,NULL,0,0,0),('Equatorial Guinea',0.156516,3,0,NULL,0,0,0),('Estonia',0.372866,2,1,0.361101,2,1,1),('Eswatini',0.028809,3,0,NULL,0,0,0),('Ethiopia',0.00379388,3,0,-0.00000000138164,3,0,0),('Euro area',0.19848,3,0,0.361101,2,0,0),('Europe & Central Asia',0.205744,3,0,0.361101,2,0,0),('Europe & Central Asia (excluding high income)',0.217575,3,0,0.361101,2,0,0),('Europe & Central Asia (IDA & IBRD countries)',0.219688,3,0,NULL,0,0,0),('European Union',0.19753,3,0,0.361101,2,0,0),('Faroe Islands',NULL,0,0,0.361101,2,0,0),('Fiji',0.0655891,3,0,0.130388,3,0,0),('Finland',0.247506,3,1,0.361101,2,0,0),('Fragile and conflict affected situations',0.0260046,3,0,-0.00000000138164,3,0,0),('France',0.141808,3,1,0.361101,2,7,2),('French Polynesia',NULL,0,0,NULL,0,0,0),('Gabon',0.066352,3,0,-0.00000000138164,3,0,0),('Gambia, The',0.0069103,3,0,NULL,0,0,0),('Georgia',0.0775677,3,0,NULL,0,0,0),('Germany',0.263426,2,1,0.361101,2,6,2),('Ghana',0.0159012,3,0,NULL,0,0,0),('Greece',0.187006,3,1,NULL,0,5,1),('Grenada',0.0822998,3,0,NULL,0,0,0),('Guam',NULL,0,0,NULL,0,0,0),('Guatemala',0.033585,3,0,NULL,0,0,0),('Guinea',0.00695146,3,0,NULL,0,0,0),('Guinea-Bissau',0.00429848,3,0,NULL,0,0,0),('Guyana',0.0958962,3,0,NULL,0,0,0),('Haiti',0.00843502,3,0,NULL,0,0,0),('Heavily indebted poor countries (HIPC)',0.0075802,3,0,NULL,0,0,0),('High income',0.315793,2,0,NULL,0,0,0),('Honduras',0.0306539,3,0,NULL,0,0,0),('Hong Kong SAR, China',NULL,0,0,0.16552,3,0,0),('Hungary',0.145706,3,1,NULL,0,2,1),('Iceland',0.191762,3,1,NULL,0,1,1),('IDA blend',0.0276083,3,0,NULL,0,0,0),('IDA only',0.0107852,3,0,NULL,0,0,0),('IDA total',0.0164889,3,0,NULL,0,0,0),('India',0.0547603,3,0,NULL,0,0,0),('Indonesia',0.0664505,3,0,NULL,0,0,0),('Iran, Islamic Rep.',0.236708,3,0,NULL,0,0,0),('Iraq',0.150328,3,0,NULL,0,0,0),('Ireland',0.234588,3,1,NULL,0,3,1),('Israel',0.214583,3,0,NULL,0,1,1),('Italy',0.165184,3,1,NULL,0,13,3),('Jamaica',0.0887161,3,0,NULL,0,0,0),('Japan',0.269103,2,1,NULL,0,0,0),('Jordan',0.0757169,3,0,NULL,0,0,0),('Kazakhstan',0.371597,2,0,NULL,0,0,0),('Kenya',0.0102459,3,0,NULL,0,0,0),('Kiribati',0.0205137,3,0,NULL,0,0,0),('Korea, Dem. People\'s Rep.',0.0210883,3,0,NULL,0,0,0),('Korea, Rep.',0.376617,2,0,NULL,0,0,0),('Kosovo',NULL,0,0,NULL,0,0,0),('Kuwait',0.666778,1,0,NULL,0,0,0),('Kyrgyz Republic',0.0529051,3,0,NULL,0,0,0),('Lao PDR',0.0813456,3,0,NULL,0,0,0),('Latin America & Caribbean',0.0806187,3,0,NULL,0,0,0),('Latin America & Caribbean (excluding high income)',0.0737207,3,0,NULL,0,0,0),('Latin America & the Caribbean (IDA & IBRD countries)',0.0799117,3,0,NULL,0,0,0),('Latvia',0.121428,3,1,NULL,0,0,0),('Least developed countries: UN classification',0.00954695,3,0,NULL,0,0,0),('Lebanon',0.123915,3,0,NULL,0,0,0),('Lesotho',0.036827,3,0,NULL,0,0,0),('Liberia',0.00764903,3,0,NULL,0,0,0),('Libya',0.271665,2,0,NULL,0,0,0),('Liechtenstein',0.113185,3,1,NULL,0,0,0),('Lithuania',0.126919,3,1,NULL,0,3,1),('Low income',0.00650102,3,0,NULL,0,0,0),('Luxembourg',0.472501,2,1,NULL,0,0,0),('Macao SAR, China',NULL,0,0,NULL,0,0,0),('Madagascar',0.00315385,3,0,NULL,0,0,0),('Malawi',0.00186371,3,0,NULL,0,0,0),('Malaysia',0.233843,3,0,NULL,0,0,0),('Maldives',0.11354,3,0,NULL,0,0,0),('Mali',0.00828711,3,0,NULL,0,0,0),('Malta',0.0979377,3,0,NULL,0,0,0),('Mauritania',0.0272384,3,0,NULL,0,0,0),('Mauritius',0.0999669,3,0,NULL,0,0,0),('Mexico',0.114707,3,0,NULL,0,1,1),('Micronesia, Fed. Sts.',0.0485295,3,0,0.16552,3,0,0),('Middle East & North Africa',0.173281,3,0,NULL,0,0,0),('Middle East & North Africa (excluding high income)',0.117781,3,0,NULL,0,0,0),('Middle East & North Africa (IDA & IBRD countries)',0.118408,3,0,NULL,0,0,0),('Moldova',0.09712,3,0,NULL,0,0,0),('Mongolia',0.206825,3,0,NULL,0,0,0),('Montenegro',0.124232,3,0,NULL,0,0,0),('Morocco',0.0563319,3,0,NULL,0,0,0),('Mozambique',0.00614231,3,0,NULL,0,0,0),('Myanmar',0.0178862,3,0,NULL,0,0,0),('Namibia',0.0527866,3,0,NULL,0,0,0),('Nepal',0.0124118,3,0,NULL,0,0,0),('Netherlands',0.270047,2,1,NULL,0,6,2),('New Caledonia',NULL,0,0,NULL,0,0,0),('New Zealand',0.202118,3,1,NULL,0,0,0),('Nicaragua',0.024071,3,0,NULL,0,0,0),('Niger',0.00234236,3,0,NULL,0,0,0),('Nigeria',0.0197886,3,0,NULL,0,0,0),('North America',0.470669,2,0,NULL,0,0,0),('North Macedonia',0.108433,3,0,NULL,0,0,0),('Norway',0.21628,3,1,NULL,0,0,0),('OECD members',0.271974,2,0,NULL,0,0,0),('Oman',0.468238,2,0,NULL,0,0,0),('Other small states',0.196994,3,0,NULL,0,0,0),('Pacific island small states',0.0467231,3,0,NULL,0,0,0),('Pakistan',0.029505,3,0,NULL,0,0,0),('Panama',0.0741442,3,0,NULL,0,0,0),('Papua New Guinea',0.025954,3,0,NULL,0,0,0),('Paraguay',0.0365639,3,0,NULL,0,0,0),('Peru',0.0515801,3,0,NULL,0,0,0),('Philippines',0.0403688,3,0,NULL,0,0,0),('Poland',0.253456,2,1,NULL,0,1,1),('Portugal',0.148642,3,1,NULL,0,4,1),('Post-demographic dividend',0.303414,2,0,NULL,0,0,0),('Pre-demographic dividend',0.0164176,3,0,NULL,0,0,0),('Puerto Rico',NULL,0,0,NULL,0,0,0),('Qatar',1,0,0,NULL,0,0,0),('Romania',0.117908,3,1,NULL,0,0,0),('Russian Federation',0.342718,2,0,NULL,0,0,0),('Rwanda',0.00190252,3,0,NULL,0,0,0),('Samoa',0.0495661,3,0,NULL,0,0,0),('Sao Tome and Principe',0.0196742,3,0,NULL,0,0,0),('Saudi Arabia',0.470604,2,0,NULL,0,0,0),('Senegal',0.0183931,3,0,NULL,0,0,0),('Serbia',0.200552,3,0,NULL,0,1,1),('Seychelles',0.197018,3,0,NULL,0,0,0),('Sierra Leone',0.00330853,3,0,NULL,0,0,0),('Singapore',0.258509,2,0,NULL,0,0,0),('Slovak Republic',0.186248,3,0,NULL,0,0,0),('Slovenia',0.208356,3,1,NULL,0,0,0),('Small states',0.18011,3,0,NULL,0,0,0),('Solomon Islands',0.0166897,3,0,NULL,0,0,0),('Somalia',0.000611481,3,0,NULL,0,0,0),('South Africa',0.230645,3,0,NULL,0,0,0),('South Asia',0.0463263,3,0,NULL,0,0,0),('South Asia (IDA & IBRD)',0.0463263,3,0,NULL,0,0,0),('South Sudan',0.00307386,3,0,NULL,0,0,0),('Spain',0.169629,3,1,0.361101,2,20,3),('Sri Lanka',0.0300093,3,0,NULL,0,0,0),('St. Lucia',0.0653912,3,0,NULL,0,0,0),('St. Martin (French part)',NULL,0,0,NULL,0,0,0),('St. Vincent and the Grenadines',0.0776313,3,0,NULL,0,0,0),('Sub-Saharan Africa',0.0227682,3,0,NULL,0,0,0),('Sub-Saharan Africa (excluding high income)',0.0227526,3,0,NULL,0,0,0),('Sub-Saharan Africa (IDA & IBRD countries)',0.0227682,3,0,NULL,0,0,0),('Sudan',0.0141116,3,0,NULL,0,0,0),('Suriname',0.110685,3,0,NULL,0,0,0),('Sweden',0.108425,3,1,NULL,0,11,3),('Switzerland',0.1351,3,1,0.361101,2,0,0),('Syrian Arab Republic',0.0500447,3,0,NULL,0,0,0),('Tajikistan',0.0240588,3,0,NULL,0,0,0),('Tanzania',0.00554087,3,0,NULL,0,0,0),('Thailand',0.11386,3,0,NULL,0,0,0),('Timor-Leste',0.0147756,3,0,NULL,0,0,0),('Togo',0.00803664,3,0,NULL,0,0,0),('Tonga',0.0560348,3,0,NULL,0,0,0),('Trinidad and Tobago',0.393717,2,0,NULL,0,0,0),('Tunisia',0.0792261,3,0,NULL,0,0,0),('Turkey',0.154039,3,0,NULL,0,0,0),('Turkmenistan',0.3777,2,0,NULL,0,0,0),('Uganda',0.00362133,3,0,NULL,0,1,1),('Ukraine',0.127449,3,1,NULL,0,0,0),('United Arab Emirates',0.6413,1,0,1,0,0,0),('United Kingdom',0.165873,3,1,0.361101,2,0,0),('Uruguay',0.057552,3,0,NULL,0,0,0),('USA',0.469743,2,0,0.734879,1,2,1),('Uzbekistan',0.104201,3,0,NULL,0,0,0),('Vanuatu',0.0181802,3,0,NULL,0,0,0),('Venezuela, RB',0.146856,3,0,NULL,0,0,0),('Vietnam',0.0825157,3,0,NULL,0,0,0),('Virgin Islands (U.S.)',NULL,0,0,NULL,0,0,0),('West Bank and Gaza',NULL,0,0,NULL,0,0,0),('Yemen, Rep.',0.0092781,3,0,NULL,0,0,0),('Zambia',0.012964,3,0,NULL,0,0,0),('Zimbabwe',0.0254288,3,0,NULL,0,0,0);
/*!40000 ALTER TABLE `points` ENABLE KEYS */;
UNLOCK TABLES;

--
-- Table structure for table `project_num`
--

DROP TABLE IF EXISTS `project_num`;
/*!40101 SET @saved_cs_client     = @@character_set_client */;
/*!50503 SET character_set_client = utf8mb4 */;
CREATE TABLE `project_num` (
  `country` text,
  `count(project)` bigint NOT NULL DEFAULT '0'
) ENGINE=InnoDB DEFAULT CHARSET=utf8mb4 COLLATE=utf8mb4_0900_ai_ci;
/*!40101 SET character_set_client = @saved_cs_client */;

--
-- Dumping data for table `project_num`
--

LOCK TABLES `project_num` WRITE;
/*!40000 ALTER TABLE `project_num` DISABLE KEYS */;
INSERT INTO `project_num` VALUES ('',97),('Sweden',11),('Spain',20),('UK',5),('Germany',6),('Greece',5),('Austria',5),('Portugal',4),('USA',2),('Ireland',3),('Netherlands',6),('Italy',13),('Belgium',8),('Hungary',2),('Israel',1),('France',7),('Estonia',1),('Poland',1),('Lithuania',3),('Swithzerland',1),('Czech Republic',1),('Danemark',1),('Australia',1),('Iceland',1),('Uganda',1),('Mexico',1),('Serbia',1);
/*!40000 ALTER TABLE `project_num` ENABLE KEYS */;
UNLOCK TABLES;

--
-- Table structure for table `projects_scie`
--

DROP TABLE IF EXISTS `projects_scie`;
/*!40101 SET @saved_cs_client     = @@character_set_client */;
/*!50503 SET character_set_client = utf8mb4 */;
CREATE TABLE `projects_scie` (
  `ID` int NOT NULL,
  `Project` text,
  `Keywords` text,
  `Coordinator` text,
  `Country` text,
  PRIMARY KEY (`ID`)
) ENGINE=InnoDB DEFAULT CHARSET=utf8mb4 COLLATE=utf8mb4_0900_ai_ci;
/*!40101 SET character_set_client = @saved_cs_client */;

--
-- Dumping data for table `projects_scie`
--

LOCK TABLES `projects_scie` WRITE;
/*!40000 ALTER TABLE `projects_scie` DISABLE KEYS */;
INSERT INTO `projects_scie` VALUES (0,'Orchid Observers','Climate Change, Botany',' ',''),(1,'The Ladybird Experiment - Nyckelpigeförsöket','Monitoring, Artificial Intelligence, Biodiversity','Vetenskap & Allmänhet (VA – P…','Sweden'),(2,'The News Evaluator – Nyhetsvärderaren','Online News, Fake News, Source Criticism, Macro-regional','Vetenskap & Allmänhet (VA – P…','Sweden'),(3,'Make it Special','Fablab, Maker, Special Education','Ibercivis Foundation','Spain'),(4,'Observadores del mar','Ocean, Marine, Sea',' ',''),(5,'D-NOSES','Noses, Pollution, Odour','Ibercivis Foundation','Spain'),(6,'Micromascotas','Education, Microbiology, Microorganism','Ibercivis Foundation','Spain'),(7,'Fresh Water Watch','Environment, Freshwater, Pollution',' ',''),(8,'Naturehood','Local, Wildlife, Nature',' ',''),(9,'Capturing our Coast','Coastal, Marine, Biodiversity',' ',''),(10,'Earthworm Watch','Carbon, Soil, Earthworm',' ',''),(11,'Big Garden Birdwatch','Garden, Birds, Local',' ','UK'),(12,'WeObserve','Communities Of Practice, Environmental Monitoring, Citizen Observatories, Regional','International Institute for A…','Germany'),(13,'The Nightingale Research Project - a citizen science project on the natural and cultural history of nightingales','Bird Song, Urban Nature, Birds','Museum für Naturkunde Berlin','Germany'),(14,'CS4Welfare - Citizen Science as an Innovative Form of Citizen Participation for Welfare Society Development','Welfare Society, Local Communities, Social Innovation',' ',''),(15,'EU-Citizen.Science','Infrastructure, Platform, Citizen Science','Museum für Naturkunde Berlin','Spain'),(16,'Big Seaweed Search','Environment, Ocean, Biodiversity, Climate Change',' ',''),(17,'Car-based Bat Monitoring','Sound, Conservation, Bat',' ',''),(18,'ECSAnVis','Low Literacy, Traditional Ecological Knowledge',' ','UK'),(19,'Vigilantes del aire','Sample Collection, Air Quality, Biosensors, National','Ibercivis Foundation','Spain'),(20,'FotoQuest Go','Land Use Land Cover Monitoring, Citizen Science',' ',''),(21,'Picture Pile','Earth Observation, Post Disaster Damage Assessment, Deforestation, Classification, Citizen Science',' ',''),(22,'LandSense','Earth Observation, In-Situ Monitoring, Innovation',' ',''),(23,'GROW Observatory','Regenerative Food Growing, Satellite Validation, Soil Moisture',' ',''),(24,'Mosquito Alert','Global Diseases, Mosquito, Public Health',' ',''),(25,'The Acoustic Experiment – Akustikförsöket','Schools, Classrooms, Acoustics, Macro-regional, National','Vetenskap & Allmänhet (VA – P…','Sweden'),(26,'The Best-Before-Date Experiment (Bäst före-försöket)','Temperature, Refrigeration, Food Storage, National','Vetenskap & Allmänhet (VA – P…','Sweden'),(27,'The Risk Picture – Riskbilden','Risk, Schools, Images, National','Vetenskap & Allmänhet (VA – P…','Sweden'),(28,'The Autumn Experiment – Höstförsöket','Phenology, Schools, Autumn, National','Vetenskap & Allmänhet (VA – P…','Sweden'),(29,'The Vegetable Experiment - Grönsaksförsöket','Schools, Nutrition, National','Vetenskap & Allmänhet (VA – P…','Sweden'),(30,'The Tea Bag Experiment - Tepåseförsöket','Decomposition, Tea Bag Index, Soil, National','Vetenskap & Allmänhet (VA – P…','Sweden'),(31,'The Notice Board - Anslagstavlan','Communication, Citizen Humanities, Notice Boards','Vetenskap & Allmänhet (VA – P…','Sweden'),(32,'Identificación de asteroides cercanos a la Tierra (Near-Earth Asteroids precovery)','Astronomy, Virtual Observatory, Asteroids',' ',''),(33,'URwatair','Greece, Measurement Scenarios, Citizen Workshops, Collaborative Data Analytics And Kwnoledge Extraction, Low Cost Air Quality Sensors, Rain Water Management, Air Pollution, Citizen Science, City','Aristotle University of Thess…','Greece'),(34,'Malaria Spot','Tuberculosis, Malaria, Public Health',' ',''),(35,'Biodiversidad Virtual','Photography, Conservation, Biodiversity',' ','Spain'),(36,'Project Roadkill','Vertebrates, Animal-Vehicle-Collision, Road Ecology',' ','Austria'),(37,'Cos4Cloud','Technology, Open Science, Citizen Observatory',' ','Spain'),(38,'Cities at night','Astronomy',' ',''),(39,'The Star-Spotting Experiment (Stjärnförsöket)','Astronomy, Education, Light Pollution, Macro-regional','Vetenskap & Allmänhet (VA – P…','Sweden'),(40,'Project Plumage','Online, Biology, Natural History, Birds, Nature',' ','UK'),(41,'GripeNet','Influenza, Monitoring',' ','Portugal'),(42,'Plant Letters','Historical Archives, Handwritten Letters, Plants',' ',''),(43,'Memória para Todos','Historical Research, Heritage, Memory',' ',''),(44,'MosquitoWeb','Invasive Mosquitos, Monitoring',' ','Portugal'),(45,'Invasoras - Invasive Plants in Portugal','Invasive Plants, Monitoring',' ','Portugal'),(46,'Biodiversity4all','Digital Platform, Biodiversity',' ',''),(47,'FoldIt:Quarantine Edition','Biochemistry, Protein-Folding, Global Diseases',' ','USA'),(48,'Folding@Home - Coronavirus','Biochemistry, Protein-Folding, Coronavirus, Global Diseases',' ',''),(49,'LIFE ESC360 - 360 Volunteers for monitoring forest biodiversity in the Italian Natura 2000 Network','Environmental Monitoring, Biodiversity',' ',''),(50,'CoKoNet','Coronavirus, Collaborative Data Analytics And Kwnoledge Extraction, Public Health',' ',''),(51,'MammalWeb','Wildlife, Nature, Monitoring, Biodiversity',' ',''),(52,'CoAstro - @n Astronomy Condo','Astronomy',' ',''),(53,'Observation.org','Plants, Bat, Urban Nature, Garden, Birds, Wildlife, Nature, Environment, Biodiversity, Botany',' ',''),(54,'GrowApp','Photography, Environmental Monitoring, Climate Change',' ',''),(55,'GLOBE','Science, Global, Teachers, Schools, Education, Environment',' ',''),(56,'Machine learning as a citizen science tool to improve the quality of life of older people and their caregivers.','Psychology, Artificial Intelligence',' ',''),(57,'X-Polli:nation','Survey, Id Tools, Schools, Pollinators, Macro-regional','European Citizen Science Asso…','Germany'),(58,'Plant Alert','Invasive Plants, Garden, Biodiversity, Macro-regional, National',' ',''),(59,'Radio Galaxy Zoo: LOFAR','Astronomy, Zooniverse, Black Hole',' ',''),(60,'Dragonfly Ireland 2019 - 2024','Dragonflies, Environmental Monitoring, Biodiversity','National Biodiversity Data Ce…','Ireland'),(61,'Raccolte del Museo Civico di Storia Naturale di Ferrara','Snails, Italy, Po River Delta, Bees, Hoverflies, Emilia-Romagna, Roadkill, Monitoring',' ',''),(62,'iSpex','Air Pollution, Air Quality, Environmental Monitoring, Global','Leiden University','Netherlands'),(63,'eBird','Conservation, Environmental Monitoring, Birds',' ',''),(64,'Participatory Lithology','Geology, Photography, Sound',' ',''),(65,'Ambassadors of Biodiversity Embajadores de la Biodiversidad','Data Collection, Plants, Conservation, Biodiversity',' ',''),(66,'CitieS-Health','Public Health, Urban Nature, Pollution',' ',''),(67,'Farfalle in ToUr','Pollinators, Urban Nature, Biodiversity',' ','Italy'),(68,'WeCount - Telraam','Transportation, City, Neighbourhood',' ',''),(69,'My Naturesound','Sound, Birds, Biodiversity',' ',''),(70,'Atlas of Estonian mammals','Collaborative Data Analytics And Kwnoledge Extraction, Environmental Monitoring, Biodiversity',' ',''),(71,'Frogs on the road','Animal-Vehicle-Collision, Collaborative Data Analytics And Kwnoledge Extraction, Environmental Monitoring',' ',''),(72,'Romania geomagnetic map','Geology, Magnetic Field, Physics',' ',''),(73,'Penguin Watch','Animal Behaviour, Birds, Biodiversity',' ',''),(74,'UMAPIT - an urban biodiversity recording app ','Environmental Monitoring, Wildlife, Monitoring, Biodiversity',' ',''),(75,'Instant Wild','Conservation, Wildlife, Biodiversity',' ',''),(76,'EyeOnWater','Environmental Monitoring, Coastal, Freshwater, Ocean',' ',''),(77,'Dark Sky Meter','Astronomy, Light Pollution',' ','Netherlands'),(78,'OpenLitterMap','Plastic, Pollution, Ocean',' ',''),(79,'CoAct','Coevaluation, Youth, Community Care, Mental Health, Environmental Justice, Ethics, Citizens In A Vulnerable Situation, Co-Researchers, Citizen Social Science, Pollution','OpenSystems / Universitat de …','Spain'),(80,'Ground Truth 2.0','Collaborative Data Analytics And Kwnoledge Extraction, Environmental Monitoring, Citizen Observatories',' ',''),(81,'SPIN-CITY','Spiders, Adaptation Genomics, Urban Nature',' ','Belgium'),(82,'CrowdWater','Environment, Freshwater',' ',''),(83,'Citizen Science Garrotxa','Air Pollution, Public Health, Air Quality',' ',''),(84,'Summer garden birding diary','Environmental Monitoring, Birds, Biodiversity',' ',''),(85,'Vadonleső (The WildWatcher) ','Environmental Monitoring, Wildlife',' ',''),(86,'iSpot','Id Tools, Education, Environmental Monitoring, Citizen Observatories, Wildlife, Nature, Biodiversity, Global','The Open University ',''),(87,'Bürger schaffen Wissen','Platform, Citizen Science',' ',''),(88,'Cricket Tales','Insects, Biodiversity, Climate Change',' ',''),(89,'Schools and Satellites','Schools, Education, Rain Water Management, Climate Change',' ',''),(90,'Mysnowmaps','Avalanche, Snow, Water',' ','Italy'),(91,'PhenoTandem - Harmonizing Remote Sensing and Citizen Science vegetation phenology observations','Earth Observation, Sentinel-2, Phenology',' ',''),(92,'Asteroid Hunters','Astronomy, Asteroids, Monitoring',' ',''),(93,'IceWatchApp','Marine Biology, Mobile Apps, Photography',' ',''),(94,'Liquencity·2','Air Pollution, Public Health, Biodiversity','Fundación Española para la Ci…','Spain'),(95,'CurieuzeNeuzen Vlaanderen','Air Quality, Air Pollution',' ',''),(96,'Butterfly-net (Lepke-háló)','National Park, Nature Conservation, Monitoring',' ',''),(97,'Plastic Spotter','River, Plastic, City','Leiden University','Netherlands'),(98,'100&CIA for Vitoria-Gasteiz','Conservation, Urban Nature, Biodiversity',' ',''),(99,'Orchids Conservation Program of Vitoria-Gasteiz','Plants, Conservation, Biodiversity',' ',''),(100,'Urban Birds Conservation Program of Vitoria-Gasteiz','Conservation, Birds, Biodiversity',' ',''),(101,' Dragonfly Conservation Program of Vitoria-Gasteiz','Dragonflies, Conservation, Biodiversity',' ',''),(102,'Moths Conservation Program of Vitoria-Gasteiz','Insects, Conservation, Environmental Monitoring, Biodiversity',' ',''),(103,'Land Conservation Program of Vitoria-Gasteiz','Land Use Land Cover Monitoring, Conservation, Biodiversity',' ',''),(104,'Night Predatory Birds Conservation Program of Vitoria-Gasteiz','Night, Environmental Monitoring, Birds',' ',''),(105,'Explorator','Plants, Citizen Science, Biodiversity, Botany',' ',''),(106,'Heritage Quest','Archaeology, Historical Research, Heritage, Regional','Leiden University','Netherlands'),(107,'Dawn Chorus - Stop and listen!','Sound, Bird Song, Birds, Biodiversity',' ',''),(108,'Sympnia - Air quality monitoring and forecasting using satellite and low-cost sensors deriving data','Air Quality, Air Pollution, Environmental Monitoring',' ',''),(109,'REINFORCE','Physics, Astronomy, Citizen Science',' ',''),(110,'PLACES','Cooperative Survey, Journalism, Digital Platform',' ',''),(111,'Try the edit button (Prova il tasto modifica)','Cultural, Digital Platform',' ',''),(112,'Járókelő.hu','Transportation, Digital Platform, Urban Nature',' ','Hungary'),(113,'CS Track','Citizen Social Science, Citizen Humanities, Citizen Science',' ',''),(114,'Proyecto COVID-PHYM','Distributed Computing, Covid, Coronavirus','Ibercivis Foundation','Spain'),(115,'BioRegisto','Nature Conservation, Digital Platform, Biodiversity',' ','Portugal'),(116,'The Global Healthsites Mapping project','Health, Collaborative Data Analytics And Kwnoledge Extraction, Global Diseases',' ',''),(117,'Yellowhammer Dialects','Bird Song, Birds',' ',''),(118,'Topotheque | Local History ','History, Digital Platform, Historical Archives',' ',''),(119,'Innovating for a Sustainable Post-Pandemic World ','Sustainable Development Goals, Education, Innovation',' ',''),(120,'National Moth Week','Night, Nature, Biodiversity',' ',''),(121,'NestCams: Watch birds on their nests and help us find out more about their breeding behaviour!','Breeding Behaviour, Zooniverse, Birds',' ',''),(122,'Community Drive','Schools, Education, Citizen Science, Local Communities',' ',''),(123,'Wreck History','Diving, Maritime, Underwater, History, Wrecks',' ','Greece'),(124,'careables','Community Care, Public Health, Citizen Science, Global','Centre for Social Innovation …','Austria'),(125,'Herpterkep','Animals, Environmental Monitoring',' ',''),(126,'Plastic Pirates – Go Europe!','Plastic, Single-Use, Environment, Ocean, Macro-regional','Ecologic Institute','Germany'),(127,'NO2 NO Grazie (NO2 NO Thanks)','Air Pollution, Air Quality, Environmental Monitoring',' ',''),(128,'Svinnkollen (The Food Waste Experiment)','Food Waste, Climate Change, National','Vetenskap & Allmänhet (VA – P…','Sweden'),(129,'Sensing for Justice - Citizen Sensing as a source of evidence in environmental justice litigation and as a tool for environmental mediation','Environmental Justice, Citizen Science, Environment, Monitoring, Sub-national, National, Global','The European Commission Joint…','Italy'),(130,'Melanogaster: Catch the Fly!','Evolution, Adaptation Genomics, Crowdsourcing, Macro-regional','La Ciència al Teu Món (Scienc…','Spain'),(131,'Sleep: One Third of Life','Survey, Schools, Public Health, National','Taking Citizen Science to Sch…','Israel'),(132,'Pescadores de Plastic','Plastic, Freshwater, Pollution, Monitoring, Regional','BETA Technological Center (Un…','Spain'),(133,'SIMILE (Informative System for the Integrated Monitoring of Insubric Lakes and their Ecosystems)','Earth Observation, Citizen Science, Environmental Monitoring, Freshwater, Pollution',' GEOlab (Geomatics and Earth …','Italy'),(134,'Plastic Origins','Kayak, River, Plastic, Artificial Intelligence','Surfrider Foundation Europe ','France'),(135,'FLOODUP','Adaptation, Natural Hazards, Climate Change, National',' ',''),(136,'Explore Your Shore!','Coastal, Ocean, Marine, Biodiversity, National','National Biodiversity Data Ce…','Ireland'),(137,'Járókelőkutató (Passer-by Researcher)','Citizen Social Science, Citizen Science, Social Innovation, Garden, Nature, Sub-national','Environmental Social Science …','Hungary'),(138,'SAC Domus','Youth, Nature, Environment, City','Museos Científicos Coruñeses','Spain'),(139,'Ocean Initiatives','Awareness Raising, Plastic, Water, Pollution','Surfrider Foundation Europe ','France'),(140,'Paddle Surfing for Science','Plastic, Ocean, Sea, Regional','Universitat de Barcelona','France'),(141,'Stoepplanten - Sidewalk Plants','Plants, Urban Nature, Biodiversity, Macro-regional','Hortus botanicus Leiden','Netherlands'),(142,'SCENT - Smart Toolbox for Engaging Citizens into a People-Centric Observation Web','Land Use Land Cover Monitoring, Citizen Observatories, Regional','Institute Of Communication an…','Greece'),(143,'Sharks and Rays in Greece and Cyprus','Conservation, Coastal, Wildlife, Nature, Ocean, Marine, Sea, Monitoring, Biodiversity, Regional','iSea, Environmental Organisat…','Greece'),(144,'Advancing work on Public Participation in Scientific Research (PPSR)','Infrastructure, Citizen Science, Global','Citizen Science Association','USA'),(145,'Vespawatch','Insects, Citizen Science, Environmental Monitoring, Citizen Observatories, Nature, Monitoring, Biodiversity, Regional','Research Institute for Nature…','Belgium'),(146,'Looking for Cowslips','Biodiversity','Landscape Biodiversity Group,…','Estonia'),(147,'MammalNet: Watch Wildlife for Science','Nature Conservation, Environmental Monitoring, Wildlife, Macro-regional','University of Castilla-La Man…','Poland'),(148,'RiuNet','River, Education, Environmental Monitoring, Freshwater, Macro-regional, National','Freshwater Ecology, Hydrology…','Spain'),(149,'Walking on the Sea Traces','Water, Environment, Marine, Macro-regional','Consiglio Nazionale delle Ric…','Italy'),(150,'FLAMENCO','Transportation, Mobility, Citizen Observatory, Regional, Neighbourhood, City','Vrije Universiteit Brussel','Belgium'),(151,'OSDG Community platform','Sustainable Development Goals, Open Science, Citizen Science, Global','OSDG','Lithuania'),(152,'ALPTREES iNaturalist','Nature, Biodiversity, Macro-regional','Bundesforschungs- und Ausbild…','Austria'),(153,'POC21 - Harnessing the power of Crowdsourcing for Mountain Monitoring','Geology, Crowdsourcing, Digital Platform, National','MountaiNow','Swithzerland'),(154,'SEEDS - Science Engagement to Empower Disadvantaged adoleScents','Health, Awareness Raising, Education, Macro-regional','European Citizen Science Asso…','Spain'),(155,'Citizen Scientists Investigating Cookies and App GDPR compliance - CSI-COP','Gdpr, Ethics, Global','Coventry University','Czech Republic'),(156,'Genigma','Game','Center for Genomic Regulation…','Spain'),(157,'HOOP','Food Waste, Citizen Science, Environment','European Citizen Science Asso…','Greece'),(158,'IANUS Peacelab','Ethics, Citizen Science, Source Criticism','IANUS Peacelab','Germany'),(159,'The Neureka Project','Neuroscience, Psychology, Remote, Online, Healthy Volunteers, Prevention, Risk, Ocd, Anxiety, Depression, Dementia, Global','Trinity College Dublin','Ireland'),(160,'ScienceAtHome','Online Games, Global','ScienceAtHome','Danemark'),(161,'OSPARITO','Quantification, Aire Marine Educative, Plastic, Pollution','Surfrider Foundation Europe ','France'),(162,'Citizen Heritage','Archaeology, Digital Platform, Heritage',' ','Belgium'),(163,'GenerationSolar','Solar Energy, Digital Platform','Instituto de Energía Solar - …','Australia'),(164,'LastQuake','Geology, Earth Observation, Digital Platform','European-Mediterranean Seismo…','France'),(165,'Window Expeditions','Collaborative Data Analytics And Kwnoledge Extraction, Environmental Monitoring, Global',' ',''),(166,'Natura sulle Mura','Environmental Monitoring, Nature, Biodiversity','Maremma Natural History Museum','Italy'),(167,'Cluana Urban Nature','Schools, Urban Nature, Biodiversity, City','Istituto di Istruzione Superi…','Italy'),(168,'BioBlitz by Maremma Natural History Museum','Environmental Monitoring, Nature, Biodiversity','Maremma Natural History Museum','Italy'),(169,'Naturæ Social Mapping','Digital Platform, Nature, Biodiversity, National','Maremma Natural History Museum','Italy'),(170,'izeltlabuak.hu','Arthropoda, Environmental Monitoring, Biodiversity, National',' ',''),(171,'STOC (Suivi Temporel des Oiseaux Communs)','Birds, National','French Museum of Natural Hist…','France'),(172,'OpenTEK','Citizen Science, Local, Environment, Climate Change, Global','LICCI (Local Indicators of Cl…','Spain'),(173,'BioBlitz a tutti i costi','Environmental Monitoring, Citizen Observatories, Biodiversity, Global','Maremma Natural History Museum','Italy'),(174,'BeBirds: Belgian Ringing Scheme','Conservation, Birds, Global','Royal Belgian Institute of Na…','Belgium'),(175,'Da Museo a Museo','Mobility, Citizen Observatories, Biodiversity, Regional','Maremma Natural History Museum','Italy'),(176,'FILMAR: Promotion of public participation in marine mammal research in areas of the Natura 2000 network','Sustainable Development Goals, Animal Behaviour, Nature Conservation, Citizen Observatory, Acoustics, Biosensors, Conservation, Marine, Biodiversity','Universidad de La Laguna','Spain'),(177,'Objective 1000 @JardinMassart','Neighbourhood','Royal Belgian Institute of Na…','Belgium'),(178,'GreenspaceHack','Citizen Science, Health, Greenspaces',' ','UK'),(179,'amai!','Health, Mobility, Artificial Intelligence, Climate Change','Scivil','Belgium'),(180,'STEP CHANGE: Infectious Disease Outbreak Preparedness','Preparedness, Prevention, Covid, Public Health, National','University of Rome Tor Vergat…','Germany'),(181,'YouCount','Inclusion, Youth, Citizen Social Science, Regional','OsloMet','Iceland'),(182,'STEP CHANGE: Demonstration of the Potential of Renewable Energy for Productive Use in Rural Uganda','Environmental Justice, Technology, Climate Change, Regional','Action for Rural Women‘s Empo…','Austria'),(183,'InNat','Animals, Nature Conservation, Insects, Plants, Photography, Citizen Science, Nature, Monitoring, Biodiversity, National','CREA DC sede di Firenze','Italy'),(184,'TIME4CS','Citizen Science',' ',''),(185,'STEP CHANGE: Wildlife conservation in Slovenia','Citizen Science, Environmental Monitoring, Wildlife, Environment, Biodiversity','University of Primorska','Uganda'),(186,'Marine mammals in Belgium','North Sea, Observations, Strandings, Marine Mammals, Ocean, National','Royal Belgian Institute of Na…','Belgium'),(187,'Citizen Drought Observatory','Water, Citizen Observatory, Climate Change, National','Universidad Pablo de Olavide','Mexico'),(188,'NOSE - Network for Odour Sensitivity','Air Pollution, Public Health, Air Quality, Odour, Regional','National Research Council - I…','Italy'),(189,'Vigie Nature Ecole','Education, Biodiversity','French Museum of Natural Hist…','France'),(190,'Transcribathon - Europeana Transcribe','Cultural, Digital Platform, Historical Research, Heritage, Historical Archives, Handwritten Letters, Citizen Workshops, Citizen Humanities','Facts & Files','Netherlands'),(191,'Obtectus Finders','Long-Term Species Monitoring, Pest, Entomology, Insects, Garden, Regional','Institute for Biological Rese…','Serbia'),(192,'Proyecto #Servet','Astronautics, National','Ibercivis Foundation','Spain'),(193,'SISCODE','Living Labs, Co-Creation, Co-Design, Global',' ',''),(194,'CURL','Water, Pollution, Global','Surfrider Foundation Europe ',''),(195,'Kampala NOSES (Network for Odour Sensing Empowerment and Sustainability)','Africa, Global South, Inclusive Monitoring Tools, Inclusive Citizen Science, Odour Pollution, City','Mapping for Change','UK'),(196,'Science in the city','Accessible Science, Low-Tech Sensors, No2, Air Quality, Neighbourhood',' ',''),(197,'IESAISTIES.LV','Knowledge, Humanities, Cultural Heritage, Transcription, Crowdsourcing, Citizen Humanities, National','Institute of Literature, Folk…','Lithuania'),(198,'Wizards of Centenary','Transcription, Historical Archives, Local Communities, National','Institute of Literature, Folk…','Lithuania'),(199,'SMOVE - Science that makes me move','Influence Factors, Students, Sedentary Behavavior, Physical Activity, Regional',' ',''),(200,'Hush City','Quiet Areas, Mobile Apps, Environment, Urban Planning, Citizen Science, Health',' ',''),(201,'Street Spectra','Ucm, Guaix, Action, Light Pollution, Global','Universidad Complutense de Ma…','Spain'),(202,'Zeit.shift','Community, Digital Library, Tirol, Digital Humanities, Urban History, Newspapers, Historical Research, Historical Archives, Citizen Humanities','Landesbibliothek Dr. Friedric…','Austria'),(203,'Cities at Night','Stars4all, Ucm, Light. Pollution, Guaix, Global','Universidad Complutense de Ma…',''),(204,'Nixnox','Light Pollution, Stars4all, Ucm, Guaix, Global','Universidad Complutense de Ma…',''),(205,'Utopian Stories','Sustainability, Future, Stories, Climate, National',' ',''),(206,'Naturens kalender','Winter, Summer, Spring, Climate Change, Shedding, Autumn Colors, Seed Dispersal, Fruit, Berries, Flowering, Budburst, Bird Migration, Phenology, Autumn, National','Swedish University of Agricul…',''),(207,'Handlingar.se','Offentlig Sektor, Public Sector, Offentlighetsprincipen, Freedom Of Information, Government Information, Open Data, Öppna Data',' ','');
/*!40000 ALTER TABLE `projects_scie` ENABLE KEYS */;
UNLOCK TABLES;

--
-- Table structure for table `regions`
--

DROP TABLE IF EXISTS `regions`;
/*!40101 SET @saved_cs_client     = @@character_set_client */;
/*!50503 SET character_set_client = utf8mb4 */;
CREATE TABLE `regions` (
  `﻿Regions` text,
  `Region ID` text,
  `CO2 Emissions` double DEFAULT NULL,
  `Primary Energy` double DEFAULT NULL,
  `Primary energy/ capita` float NOT NULL,
  `EC_norm` float DEFAULT NULL,
  PRIMARY KEY (`Primary energy/ capita`)
) ENGINE=InnoDB DEFAULT CHARSET=utf8mb4 COLLATE=utf8mb4_0900_ai_ci;
/*!40101 SET character_set_client = @saved_cs_client */;

--
-- Dumping data for table `regions`
--

LOCK TABLES `regions` WRITE;
/*!40000 ALTER TABLE `regions` DISABLE KEYS */;
INSERT INTO `regions` VALUES ('Africa ','AF',1254,18.58,13.9,-0.00000000138164),('South americas','SA',1157.7,26.19,49.9,0.130388),('Asia/Pacific','AP',16778,253.25,59.6,0.16552),('Europe ','EU',3596.8,77.15,113.6,0.361101),('North aMERICA ','NA',5348.1,107.9,216.8,0.734879),('Middle east ','ME',4149.6,73.56,290,1);
/*!40000 ALTER TABLE `regions` ENABLE KEYS */;
UNLOCK TABLES;
/*!40103 SET TIME_ZONE=@OLD_TIME_ZONE */;

/*!40101 SET SQL_MODE=@OLD_SQL_MODE */;
/*!40014 SET FOREIGN_KEY_CHECKS=@OLD_FOREIGN_KEY_CHECKS */;
/*!40014 SET UNIQUE_CHECKS=@OLD_UNIQUE_CHECKS */;
/*!40101 SET CHARACTER_SET_CLIENT=@OLD_CHARACTER_SET_CLIENT */;
/*!40101 SET CHARACTER_SET_RESULTS=@OLD_CHARACTER_SET_RESULTS */;
/*!40101 SET COLLATION_CONNECTION=@OLD_COLLATION_CONNECTION */;
/*!40111 SET SQL_NOTES=@OLD_SQL_NOTES */;

-- Dump completed on 2021-12-12 19:02:54
